[
  {
    "stock_name": "와이지원",
    "stock_code": "019210",
    "chart_type": "일봉",
    "analysis_score": 75,
    "summary": "019210 종목 분석이 완료되었습니다.",
    "detailed_analysis": "019210 종목의 일봉 차트 분석이 성공적으로 완료되었습니다.",
    "timestamp": "2025-08-12T14:12:18.980671",
    "ai_analysis_file": "analysis_daily_019210_20250812_141218.json",
    "ai_analysis_data": {
      "종목정보": {
        "종목명": "와이지원",
        "종목번호": "019210",
        "분석일시": "2025-08-12 14:12:18",
        "차트유형": "일봉"
      },
      "오늘의일봉": {
        "종가": "5,700원",
        "등락률": "-0.70%",
        "거래량": "40,638주",
        "주요특징": "전일 대비 소폭 하락. 거래량은 최근 평균 수준이나, 상승 모멘텀 약화 및 관망세 지속으로 해석됨. 6,000원 부근에서 매물대 저항 확인"
      },
      "핵심기술적지표": {
        "이동평균선정배열": "아니오. 주가는 5일선(5,820원), 20일선(5,930원), 60일선(5,930원) 아래에 위치하며 역배열을 형성. 단기 및 중기 추세 모두 약세를 보임.",
        "골든데드크로스": "아니오. 최근 골든크로스 또는 데드크로스는 발생하지 않았으나, 주가가 20일선과 60일선 아래로 내려온 것은 추가 하락 가능성을 시사함.",
        "MACD상태": "MACD(-15) vs 시그널(-20). MACD 선은 시그널 선 위에 있으나, 둘 다 음수 영역에 위치하여 약한 하락 모멘텀을 유지. 히스토그램 역시 음수 영역에 있음. 모멘텀은 약화되는 추세.",
        "RSI상태": "RSI 45.  과매수/과매도 구간에 진입하지 않았으며, 중립적인 수준을 유지. 최근 RSI는 상승 추세를 보이지만 주가는 하락하여 긍정적인 다이버전스가 관찰되지 않음.",
        "볼린저밴드": "밴드 폭이 다소 확대되어 변동성이 증가하는 추세를 나타냄. 현재 주가는 중간 밴드 아래에 위치하며, 하방 압력이 존재하는 것으로 보임."
      },
      "세부분석": {
        "가격및거래량": {
          "거래량비교": "최근 5일 평균 거래량 44,542주 대비 91% 수준으로, 최근 평균적인 거래량을 유지. 다만, 최근 상승세 대비 거래량이 감소하고 있어 매수세 약화를 의미할 수 있음.",
          "주요가격대": "6,000원대 초반을 돌파하지 못하고 하락 전환. 이는 6,000원대에 상당한 매물대가 존재함을 나타냄."
        },
        "이동평균선": {
          "현재가위치": "주가는 5일선(5,820원), 20일선(5,930원), 60일선(5,930원) 모두 아래에 위치. 단기적으로는 약세, 중장기적으로도 약세 유지.",
          "밀집도": "5일선, 20일선, 60일선이 밀집되어 있음. 이는 향후 변동성 확대 가능성을 시사하며, 추세 전환의 가능성도 존재함."
        },
        "모멘텀": {
          "MACD분석": "MACD 선이 시그널 선 아래에 있으며, 음수 영역을 유지하고 있음. 하락 모멘텀이 약화되고 있지만, 아직 상승 전환 신호는 없음.",
          "RSI분석": "RSI 45.  중립 구간에 위치. 30 이하 과매도 구간, 70 이상 과매수 구간에 진입하지 않음. 가격과 RSI 지표 간의 다이버전스는 없음."
        }
      },
      "단기투자아이디어": {
        "추세요약": "단기적으로는 6,000원 부근에서 매물대 저항을 확인하며 하락세를 보이고 있으나, 5,800원 부근에서 지지 여부에 따라 추세가 바뀔 가능성 존재. 거래량 감소는 관망세 지속을 의미. 장기 추세는 아직 불확실함.",
        "매매시그널": "5,800원 지지선을 유지하지 못하고 하락할 경우 5,700원 이탈 시 매도 고려. 반대로, 6,000원을 강하게 돌파하고 거래량이 증가하면 매수 신호로 고려 가능."
      }
    },
    "batch_id": "batch_1754975521",
    "processed_at": "2025-08-12T14:12:18.980906"
  }
]