[
  {
    "stock_name": "신한지주",
    "stock_code": "055550",
    "chart_type": "일봉",
    "analysis_score": 75,
    "summary": "055550 종목 분석이 완료되었습니다.",
    "detailed_analysis": "055550 종목의 일봉 차트 분석이 성공적으로 완료되었습니다.",
    "timestamp": "2025-08-20T10:48:27.156455",
    "ai_analysis_file": "analysis_daily_055550_20250820_104827.json",
    "ai_analysis_data": {
      "종목정보": {
        "종목명": "신한지주",
        "종목번호": "055550",
        "분석일시": "2025-08-20 10:48:27",
        "차트유형": "일봉"
      },
      "오늘의일봉": {
        "종가": "66,000원",
        "등락률": "-2.08%",
        "거래량": "447,588주",
        "주요특징": "최근 상승세 이후 하락 전환, 거래량 감소세 지속. 6만원대 중반 지지 실패 후 추가 하락 압력 증가. 시장 관망세 심화."
      },
      "핵심기술적지표": {
        "이동평균선정배열": "아니오. 주가는 5일선(67,400원), 20일선(68,600원), 60일선(69,000원) 아래에 위치하며 역배열 상태. 단기, 중기 추세 모두 하락세로 전환.",
        "골든데드크로스": "아니오. 최근 골든크로스나 데드크로스는 발생하지 않았으나, 5일선이 20일선을 하향 돌파하는 데드크로스 가능성 존재. 이는 추가 하락 가능성을 시사.",
        "MACD상태": "MACD (-1200) vs 시그널 (-1000). MACD 선이 시그널 선 아래에 위치하며, MACD 히스토그램은 음수 영역을 유지. 약한 하락 모멘텀 지속.",
        "RSI상태": "RSI 35. 과매도 구간에 근접.  추세 반전 가능성을 시사하지만, 거래량 감소세를 고려할 때, 반전 신호로 보기에는 아직 이르다.",
        "볼린저밴드": "밴드 폭 확대. 주가는 하단 밴드 근처에 위치. 높은 변동성 유지, 추가 하락 가능성 존재."
      },
      "세부분석": {
        "가격및거래량": {
          "거래량비교": "최근 5일 평균 거래량 967,653주 대비 46.2% 수준으로, 거래량이 현저히 감소. 시장의 관망세 강함.",
          "주요가격대": "6만원대 중반에서 지지부진한 흐름 이후 6만원대 초반으로 하락. 6만원대 초반은 단기적인 지지선 역할을 할 가능성이 있으나, 거래량 부족으로 지지력 약화 가능성 높음."
        },
        "이동평균선": {
          "현재가위치": "주가는 5일선(67,400원), 20일선(68,600원), 60일선(69,000원) 아래에 위치. 단기 및 중장기 추세 모두 하락세.",
          "밀집도": "이동평균선들은 다소 확산되어 있으며, 이는 단기적인 변동성이 확대될 가능성을 시사."
        },
        "모멘텀": {
          "MACD분석": "MACD 선이 시그널 선 아래에 위치하며 음수 영역을 유지. 하락 모멘텀이 약화되고 있으나, 완전히 소멸되지는 않음.",
          "RSI분석": "RSI 35는 과매도 구간에 근접해 있으나, 아직 과매도 상태는 아님. 가격과 지표 간의 다이버전스는 관찰되지 않음."
        }
      },
      "단기투자아이디어": {
        "추세요약": "단기적으로는 하락세 지속 가능성이 높으나, 과매도 구간 근접과 거래량 감소는 반전 가능성도 존재. 변동성 확대 상황.",
        "매매시그널": "6만원대 초반 지지 여부가 중요. 6만원대 초반 이탈 시 추가 하락 가능성 높으므로 매도 고려. 6만 8천원대 돌파 시 매수 고려.  거래량 증가 없이는 반등 지속 어려울 것으로 예상."
      }
    },
    "batch_id": "batch_1755654490",
    "processed_at": "2025-08-20T10:48:27.156680"
  },
  {
    "stock_name": "다날",
    "stock_code": "064260",
    "chart_type": "일봉",
    "analysis_score": 75,
    "summary": "064260 종목 분석이 완료되었습니다.",
    "detailed_analysis": "064260 종목의 일봉 차트 분석이 성공적으로 완료되었습니다.",
    "timestamp": "2025-08-20T10:48:39.577528",
    "ai_analysis_file": "analysis_daily_064260_20250820_104839.json",
    "ai_analysis_data": {
      "종목정보": {
        "종목명": "다날",
        "종목번호": "064260",
        "분석일시": "2025-08-20 10:48:39",
        "차트유형": "일봉"
      },
      "오늘의일봉": {
        "종가": "7590원",
        "등락률": "-1.04%",
        "거래량": "1,791,598주",
        "주요특징": "전일 대비 소폭 하락 마감. 거래량은 최근 평균보다 높으나, 상승 추세를 이어가지 못하고 하락 반전하는 모습을 보임. 7220원 저가를 기록하며 단기적인 지지선 테스트 후 반등 시도를 보였으나, 상승 동력이 약해 종가는 하락 마감. 시장 심리는 불확실성이 높은 상태로 보임."
      },
      "핵심기술적지표": {
        "이동평균선정배열": "아니오. 주가는 5일선, 20일선, 60일선 모두 아래에 위치하며 역배열 상태를 유지하고 있습니다. 단기 및 중장기 추세 모두 약세를 시사합니다.",
        "골든데드크로스": "아니오. 최근 골든크로스 또는 데드크로스는 발생하지 않았습니다. 다만, 주가가 주요 이동평균선 아래에 위치하고 있어 추가적인 하락 가능성을 배제할 수 없습니다.",
        "MACD상태": "MACD는 -100 부근, 시그널은 -50 부근으로 MACD 선이 시그널 선 아래에 위치하며, 둘의 차이는 점차 줄어들고 있습니다. 이는 하락 모멘텀이 약화되고 있음을 시사하지만, 아직 상승 전환 신호는 아닙니다. 추가적인 확인이 필요합니다.",
        "RSI상태": "RSI는 40 부근으로 중립 구간에 위치합니다. 과매수 또는 과매도 상태는 아니지만, 추가 하락 가능성을 감안해야 합니다.",
        "볼린저밴드": "볼린저밴드 폭은 최근 확대되는 추세를 보이고 있습니다. 이는 주가의 변동성이 커지고 있음을 의미하며, 강한 상승 또는 하락이 발생할 가능성이 높음을 암시합니다."
      },
      "세부분석": {
        "가격및거래량": {
          "거래량비교": "최근 5일 평균 거래량 1,070,120주 대비 167% 수준으로, 평균보다 높은 거래량을 기록했습니다. 이는 주가 하락에도 불구하고 매수/매도 압력이 상존함을 보여줍니다.",
          "주요가격대": "7220원 부근에서 강한 저점 지지선을 확인했으나, 7500원~8000원 구간에서 매물대 저항이 존재합니다.  8000원 부근 돌파 여부가 향후 주가 방향에 큰 영향을 미칠 것으로 예상됩니다."
        },
        "이동평균선": {
          "현재가위치": "현재 주가(7590원)는 5일선(약 7700원), 20일선(약 7900원), 60일선(약 8000원) 모두 아래에 있습니다. 이는 단기 및 중장기적으로 약세 추세를 나타냅니다.",
          "밀집도": "이동평균선은 다소 벌어져 있으며, 60일선까지 멀리 떨어져 있어 단기 변동성 확대 가능성이 높습니다."
        },
        "모멘텀": {
          "MACD분석": "MACD 선은 시그널 선 아래에 위치하며, 히스토그램 또한 음수 영역에 있습니다.  현재는 약한 하락 모멘텀이 유지되고 있습니다.  MACD가 0선 위로 올라오는 것을 확인해야 상승 추세 전환을 판단할 수 있습니다.",
          "RSI분석": "RSI는 40 부근에 위치하며 과매도 영역에 진입하지는 않았습니다. RSI와 주가 간의 다이버전스는 관찰되지 않습니다."
        }
      },
      "단기투자아이디어": {
        "추세요약": "단기적으로는 7220원 부근의 지지선을 확인했지만, 8000원 부근의 강력한 저항선을 돌파하지 못하고 하락세를 이어가는 모습입니다. 거래량 증가에도 불구하고 매수세가 약한 상태입니다.",
        "매매시그널": "7220원 이탈 시 추가 하락 가능성이 높으므로 매도 고려. 7500원 부근에서 지지 여부를 확인하고, 8000원 돌파 시 매수 고려.  상승 추세 전환을 확인하기 위해서는 MACD가 0선 위로 상승하고, 거래량이 급증하며 8000원을 안정적으로 돌파하는 모습을 확인해야 합니다."
      }
    },
    "batch_id": "batch_1755654490",
    "processed_at": "2025-08-20T10:48:39.577806"
  },
  {
    "stock_name": "000660",
    "chart_type": "일봉",
    "analysis_score": 0,
    "summary": "분석 실패: [WinError 233] 파이프의 다른 끝에 프로세스가 없습니다",
    "detailed_analysis": "종목 000660 분석 중 오류가 발생했습니다. 오류: [WinError 233] 파이프의 다른 끝에 프로세스가 없습니다",
    "timestamp": "2025-08-20T10:48:52.810676",
    "batch_id": "batch_1755654490",
    "stock_code": "000660",
    "processed_at": "2025-08-20T10:48:52.810683"
  }
]