[
  {
    "stock_name": "019210",
    "chart_type": "월봉",
    "analysis_score": 75,
    "summary": "019210 종목 분석이 완료되었습니다.",
    "detailed_analysis": "019210 종목의 월봉 차트 분석이 성공적으로 완료되었습니다.",
    "timestamp": "2025-08-06T19:01:16.226942",
    "batch_id": "batch_1754474394",
    "stock_code": "019210",
    "processed_at": "2025-08-06T19:01:16.226952"
  },
  {
    "stock_name": "023410",
    "chart_type": "월봉",
    "analysis_score": 75,
    "summary": "023410 종목 분석이 완료되었습니다.",
    "detailed_analysis": "023410 종목의 월봉 차트 분석이 성공적으로 완료되었습니다.",
    "timestamp": "2025-08-06T19:01:34.737612",
    "batch_id": "batch_1754474394",
    "stock_code": "023410",
    "processed_at": "2025-08-06T19:01:34.737632"
  },
  {
    "stock_name": "145720",
    "chart_type": "월봉",
    "analysis_score": 75,
    "summary": "145720 종목 분석이 완료되었습니다.",
    "detailed_analysis": "145720 종목의 월봉 차트 분석이 성공적으로 완료되었습니다.",
    "timestamp": "2025-08-06T19:02:15.505357",
    "batch_id": "batch_1754474394",
    "stock_code": "145720",
    "processed_at": "2025-08-06T19:02:15.505371"
  },
  {
    "stock_name": "005930",
    "chart_type": "월봉",
    "analysis_score": 75,
    "summary": "005930 종목 분석이 완료되었습니다.",
    "detailed_analysis": "005930 종목의 월봉 차트 분석이 성공적으로 완료되었습니다.",
    "timestamp": "2025-08-06T19:02:31.011058",
    "batch_id": "batch_1754474394",
    "stock_code": "005930",
    "processed_at": "2025-08-06T19:02:31.011078"
  },
  {
    "stock_name": "014280",
    "chart_type": "월봉",
    "analysis_score": 75,
    "summary": "014280 종목 분석이 완료되었습니다.",
    "detailed_analysis": "014280 종목의 월봉 차트 분석이 성공적으로 완료되었습니다.",
    "timestamp": "2025-08-06T19:02:58.626887",
    "batch_id": "batch_1754474394",
    "stock_code": "014280",
    "processed_at": "2025-08-06T19:02:58.626902"
  }
]