{
  "종목정보": {
    "종목명": "와이지원",
    "종목번호": "019210",
    "분석일시": "2025-08-12 14:20:11",
    "차트유형": "일봉"
  },
  "오늘의일봉": {
    "종가": "5,700원",
    "등락률": "-0.70%",
    "거래량": "40,638주",
    "주요특징": "전일 대비 소폭 하락 마감. 거래량은 최근 평균 수준이나 상승 추세가 둔화되고 있음을 시사.  약한 매도세 유입 가능성."
  },
  "핵심기술적지표": {
    "이동평균선정배열": "아니오. 주가는 5일선(5,820원 상정), 20일선(5,930원 상정), 60일선(5,930원 상정) 모두 아래에 위치하며 역배열을 형성하고 있습니다. 이는 단기 및 중기적인 약세 추세를 시사합니다.",
    "골든데드크로스": "아니오. 최근 골든크로스나 데드크로스는 발생하지 않았습니다.  하지만 주가가 5일선과 20일선을 하향 돌파할 경우 데드 크로스가 발생할 가능성이 높습니다.",
    "MACD상태": "-10 vs -20. MACD 선이 시그널 선 아래에 위치하며, 음수 영역을 유지하고 있습니다.  MACD 히스토그램 역시 음수 영역에 머물러 약한 하락 모멘텀이 지속되고 있음을 나타냅니다.",
    "RSI상태": "39.42. RSI는 과매도 구간(30 이하)에는 진입하지 않았지만, 중립 수준을 하회하며 약세 신호를 보여줍니다.  다이버전스는 관찰되지 않습니다.",
    "볼린저밴드": "밴드 폭은 다소 좁아지는 추세이며, 이는 향후 주가의 변동성이 확대될 가능성을 시사합니다. 현재 주가는 중간 밴드 아래에 위치합니다."
  },
  "세부분석": {
    "가격및거래량": {
      "거래량비교": "최근 5일 평균 44,542주 대비 91.2% 수준",
      "주요가격대": "6,000원대 초반 돌파 실패 이후 하락 전환.  5,700원 부근에서 지지선 역할을 할 가능성이 있으나 거래량 감소로 지지력 약화 우려."
    },
    "이동평균선": {
      "현재가위치": "5일선(5,820원 상정), 20일선(5,930원 상정), 60일선(5,930원 상정) 모두 아래에 위치합니다. 단기적으로는 하락 추세, 중장기적으로는 약세 흐름이 지속되고 있음을 보여줍니다.",
      "밀집도": "5일선, 20일선, 60일선이 밀집되어 있습니다. 이는 단기적으로 변동성이 확대될 가능성을 시사합니다."
    },
    "모멘텀": {
      "MACD분석": "MACD 선이 시그널 선 아래에 위치하며 음수 영역을 유지하고 있습니다.  이는 약한 하락 모멘텀이 지속되고 있음을 의미합니다. MACD 오실레이터는 현재 음수 영역에 있고, 큰 변화는 없습니다.",
      "RSI분석": "RSI는 39.42로 중립 구간에 있습니다. 과매수/과매도 구간에 진입하지 않았으며, 가격과 지표 간의 다이버전스는 관찰되지 않습니다."
    }
  },
  "단기투자아이디어": {
    "추세요약": "상승 추세 이후 조정 및 약세 전환. 거래량 감소와 함께 관망세가 지속되고 있습니다.",
    "매매시그널": "5,700원 지지 여부가 중요하며, 이탈 시 추가 하락 가능성 고려.  6,000원대를 돌파할 경우 상승 전환 가능성 존재."
  }
}