{
  "종목정보": {
    "종목명": "금강공업",
    "종목번호": "014280",
    "분석일시": "2025-08-06 19:02:58",
    "차트유형": "월봉"
  },
  "종합분석점수": {
    "점수": 65,
    "요약": "장기 하락 추세에서 벗어나지 못하고 있으나, 최근 반등 시도와 저평가 매력 존재. 분할 매수 전략 고려."
  },
  "이번월봉": {
    "종가": "4430",
    "등락률": "-3.28",
    "거래량": "312012",
    "주요특징": "8월 종가는 4430원으로 전월 대비 소폭 하락. 거래량은 매우 감소. 20개월선 부근에서 지지력 확인 여부가 관건."
  },
  "핵심기술적지표": {
    "장기정배열": "아니오",
    "CCI상태": "-50",
    "ADX상태": "15",
    "주요이동평균선": "4000/4500/5000"
  },
  "세부분석": {
    "가격및거래량": {
      "거래량비교": "평균 거래량 대비 10% 미만 수준으로 매우 저조함.",
      "역사적고점저점": "역사적 고점은 14000원 부근, 저점은 3000원대 초반. 현재 가격은 역사적 저점 부근에 위치하며, 장기 저점을 형성할 가능성이 있음."
    },
    "이동평균선": {
      "현재가위치": "5개월선과 10개월선 아래, 20개월선 근처에 위치.",
      "20개월선역할": "현재 20개월선은 약한 저항선 역할을 하고 있지만, 20개월선을 상향 돌파할 경우 추가 상승 가능성 존재."
    },
    "모멘텀": {
      "CCI분석": "CCI는 -50으로 과매도 구간에 진입하지 않았으나, 0선 아래에 위치하여 약세 흐름 지속. 0선 돌파 여부 중요.",
      "ADX분석": "ADX는 15로 추세 강도가 약함. 현재는 뚜렷한 상승 또는 하락 추세가 없으며, 횡보 또는 약세 흐름 지속. ADX가 20 이상으로 상승해야 추세 강도가 강화된다고 판단."
    }
  },
  "장기투자아이디어": {
    "사이클요약": "금강공업은 장기간 하락 추세를 보였으나, 최근 저점을 형성하고 반등 시도 중. 20개월선의 지지 여부가 중요한 전환점이 될 것.",
    "투자전략": "현재 가격대는 저평가 구간으로 판단되므로, 20개월선 지지 여부 확인 후 분할 매수 전략을 고려할 수 있음.  추가 하락 가능성도 고려하여, 투자금 규모를 조절해야 함."
  }
}