{
  "종목정보": {
    "종목명": "와이지-원",
    "종목번호": "019210",
    "분석일시": "2025-08-06 19:01:16",
    "차트유형": "월봉"
  },
  "종합분석점수": {
    "점수": 65,
    "요약": "장기 상승 추세는 유지되나, 단기 조정 가능성 존재. 분할 매수 전략 고려."
  },
  "이번월봉": {
    "종가": "5670",
    "등락률": "-1.73%",
    "거래량": "170866",
    "주요특징": "8월 종가는 5,670원으로 전월 대비 소폭 하락. 거래량은 급감.  최근 고점 대비 하락세를 보이며 단기 조정 국면에 진입한 것으로 보임."
  },
  "핵심기술적지표": {
    "장기정배열": "예",
    "CCI상태": "-70",
    "ADX상태": "18",
    "주요이동평균선": "5개월선(6000)/10개월선(6500)/20개월선(7000)"
  },
  "세부분석": {
    "가격및거래량": {
      "거래량비교": "지난 6개월 평균 거래량 대비 약 10% 수준으로 급감.  단기적인 매물 소화 가능성을 시사.",
      "역사적고점저점": "역사적 고점은 약 15,000원 부근, 저점은 4,000원 부근으로 추정. 현재 가격은 장기 저점 부근에서 상당히 상승한 위치이나, 역사적 고점 대비  상당히 낮은 수준."
    },
    "이동평균선": {
      "현재가위치": "현재 주가는 5개월선, 10개월선, 20개월선 모두 아래에 위치.",
      "20개월선역할": "20개월선은 과거 강력한 지지선 역할을 했으나 현재는 저항선으로 작용할 가능성이 높음."
    },
    "모멘텀": {
      "CCI분석": "CCI는 -70으로 과매도 구간에 진입하지는 않았으나, 0선 아래에 위치하며 매수세 약화를 나타냄. 추가 하락 가능성 존재.",
      "ADX분석": "ADX는 18로 추세의 강도가 약화되고 있음을 시사. 현재는 하락 추세를 보이고 있지만, 추세의 강도가 약하기 때문에 추세 전환 가능성도 존재한다."
    }
  },
  "장기투자아이디어": {
    "사이클요약": "와이지-원은 장기적으로 상승 추세를 유지하고 있으나, 현재는 단기 조정 국면에 진입한 것으로 보임.  20개월선이 강력한 저항선으로 작용할 가능성이 높다.",
    "투자전략": "현재 가격대는 장기 저점 대비 상당히 상승한 구간이지만, 역사적 고점 대비 낮은 수준으로 분할 매수 전략을 통해 장기 투자를 고려해 볼 수 있음.  단, 20개월선의 돌파 여부를 확인하고 투자 여부를 결정하는 것이 바람직하며, 추세 변화를 지속적으로 관찰해야 함."
  }
}