{
  "종목정보": {
    "종목명": "삼성전자",
    "종목번호": "005930",
    "분석일시": "2025-08-06 19:02:30",
    "차트유형": "월봉"
  },
  "종합분석점수": {
    "점수": 65,
    "요약": "장기 상승 추세 유지 중이나 최근 조정, 분할 매수 전략 고려"
  },
  "이번월봉": {
    "종가": "68800",
    "등락률": "-3.64",
    "거래량": "65753924",
    "주요특징": "7월 사상 최고가(74000원) 경신 후 조정, 거래량 감소"
  },
  "핵심기술적지표": {
    "장기정배열": "예",
    "CCI상태": "50",
    "ADX상태": "20",
    "주요이동평균선": "5개월선 상단, 10개월선 상단, 20개월선 상단"
  },
  "세부분석": {
    "가격및거래량": {
      "거래량비교": "평균 거래량 대비 10% 수준 감소",
      "역사적고점저점": "역사적 고점 74000원, 저점 15000원 부근, 현재 가격은 장기 고점 부근에서 조정 중"
    },
    "이동평균선": {
      "현재가위치": "주가는 5, 10, 20개월선 모두 상단에 위치",
      "20개월선역할": "강력한 지지선 역할"
    },
    "모멘텀": {
      "CCI분석": "CCI는 과매수/과매도 구간에 진입하지 않았으며, 0선을 상향 돌파한 상태는 아님.  상승 모멘텀은 다소 약화.",
      "ADX분석": "ADX 20 이상으로 추세는 유지되고 있으나, 최근 수치가 감소하며 추세 강도가 약화되고 있음. 상승 추세는 유지 중"
    }
  },
  "장기투자아이디어": {
    "사이클요약": "삼성전자는 장기적인 상승 추세를 보이고 있으나, 최근 고점 경신 후 조정 국면에 진입함.",
    "투자전략": "현재 가격대는 장기 상승 추세를 고려할 때 매수 관점에서 바람직한 구간이지만, 단기 조정 가능성을 감안하여 분할 매수 전략을 추천한다."
  }
}