{
  "종목정보": {
    "종목명": "덴티움",
    "종목번호": "145720",
    "분석일시": "2025-08-06 19:02:15",
    "차트유형": "월봉"
  },
  "종합분석점수": {
    "점수": 65,
    "요약": "중장기 상승 추세 유지 중이나, 단기 조정 가능성 존재. 분할 매수 전략 고려"
  },
  "이번월봉": {
    "종가": "63900",
    "등락률": "-0.93",
    "거래량": "126521",
    "주요특징": "7월 대비 소폭 하락. 거래량 급감. 6만원대 중반에서 지지력 확인 필요"
  },
  "핵심기술적지표": {
    "장기정배열": "예",
    "CCI상태": "-60",
    "ADX상태": "15",
    "주요이동평균선": "5개월선: 68000 / 10개월선: 65000 / 20개월선: 60000"
  },
  "세부분석": {
    "가격및거래량": {
      "거래량비교": "평균 거래량(약 100만주) 대비 12.6% 수준으로 매우 저조함.",
      "역사적고점저점": "역사적 고점은 약 85,500원(2025년 4월), 저점은 약 3만원대 초반(2017년). 현재가는 역사적 고점 대비 25% 수준으로 상당한 조정을 거친 상태. 6만원대 중반은 과거 강력한 지지선이었음."
    },
    "이동평균선": {
      "현재가위치": "현재 주가는 5개월선과 10개월선 아래, 20개월선 위에 위치.",
      "20개월선역할": "20개월선은 장기적인 추세를 나타내는 강력한 지지선 역할을 함."
    },
    "모멘텀": {
      "CCI분석": "CCI는 -60으로 과매도 구간에 진입하지는 않았으나, 0선을 하향 돌파하여 단기적인 약세 신호를 보임.",
      "ADX분석": "ADX는 15로 추세의 강도가 약화되고 있음을 시사하며, 현재 뚜렷한 상승 또는 하락 추세는 관찰되지 않음. 횡보 또는 조정 국면으로 해석 가능."
    }
  },
  "장기투자아이디어": {
    "사이클요약": "덴티움은 장기적으로 상승 추세를 유지하고 있으나, 현재는 단기 조정 국면에 진입한 것으로 판단됨. 거래량 감소는 투자 심리 위축을 나타내는 신호.",
    "투자전략": "현재 주가는 20개월선 위에 위치해 있고, 장기적인 상승 추세를 유지하고 있으므로,  분할 매수 전략을 통해 장기 투자를 고려할 수 있음.  6만원대 중반의 지지선이 무너질 경우 추가적인 하락 가능성을 염두에 두고 투자해야 함."
  }
}