{
  "종목정보": {
    "종목명": "유진기업",
    "종목번호": "023410",
    "분석일시": "2025-08-06 19:01:34",
    "차트유형": "월봉"
  },
  "종합분석점수": {
    "점수": 65,
    "요약": "장기 상승 추세 유지 중이나, 최근 상승 모멘텀 약화. 분할 매수 전략 고려."
  },
  "이번월봉": {
    "종가": "3525",
    "등락률": "-0.28%",
    "거래량": "519406",
    "주요특징": "8월 종가는 3525원으로 전월 대비 소폭 하락. 거래량은 평균 이하로 감소.  최근 고점 대비 조정 국면 진입."
  },
  "핵심기술적지표": {
    "장기정배열": "예",
    "CCI상태": "-60",
    "ADX상태": "18",
    "주요이동평균선": "5개월선 상회, 10개월선 상회, 20개월선 상회"
  },
  "세부분석": {
    "가격및거래량": {
      "거래량비교": "최근 6개월 평균 거래량 3,000,000주 대비 17% 수준으로 감소",
      "역사적고점저점": "역사적 고점은 약 8000원 부근, 저점은 3000원 부근. 현재 가격은 장기 저점 부근에서 상당 부분 상승한 후 조정 국면에 진입한 상태."
    },
    "이동평균선": {
      "현재가위치": "현재 주가는 5개월선, 10개월선, 20개월선 모두 상회",
      "20개월선역할": "20개월선은 장기적인 지지선으로 작용하며, 지속적인 상승 추세를 지지하는 역할을 함."
    },
    "모멘텀": {
      "CCI분석": "CCI는 -60으로 과매도 구간에 진입하지 않았으나, 0선을 하향 돌파하여 상승 모멘텀 약화를 시사.",
      "ADX분석": "ADX는 18로 추세 강도가 약화되고 있으며,  현재는 상승 추세에서 횡보 또는 약세로 전환될 가능성이 존재."
    }
  },
  "장기투자아이디어": {
    "사이클요약": "유진기업 주가는 장기적인 상승 추세를 유지하고 있으나, 최근 단기 조정 국면에 진입하며 모멘텀이 약화되었다. ",
    "투자전략": "현재 가격대는 장기 저점 대비 상승폭이 크므로, 추가적인 하락 가능성을 고려하여 분할 매수 전략을 추천한다.  추세가 뚜렷해지기 전까지는 신중한 관망 자세를 유지하는 것이 바람직하다."
  }
}