[
  {
    "stock_name": "알 수 없음 (019210)",
    "stock_code": "019210",
    "chart_type": "주봉",
    "analysis_score": 75,
    "summary": "중기 상승 추세 약화, 박스권 상단 돌파 시도 중",
    "detailed_analysis": "019210 종목의 주봉 차트 분석이 성공적으로 완료되었습니다.",
    "timestamp": "2025-08-07T11:08:46.447391",
    "ai_analysis_file": "analysis_weekly_019210_20250807_110846.json",
    "ai_analysis_data": {
      "종목정보": {
        "종목명": "알 수 없음 (019210)",
        "종목번호": "019210",
        "분석일시": "2025-08-07 11:08:46",
        "차트유형": "주봉"
      },
      "종합분석점수": {
        "점수": 75,
        "요약": "중기 상승 추세 약화, 박스권 상단 돌파 시도 중"
      },
      "이번주봉": {
        "종가": "5760",
        "등락률": "-0.17%",
        "거래량": "75124",
        "주요특징": "지난주 하락 후 소폭 반등. 5700원 부근 지지 확인. 거래량 감소."
      },
      "핵심기술적지표": {
        "이동평균선정배열": "아니오",
        "골든데드크로스": "아니오",
        "Stochastic상태": " %K: 35, %D: 30 (과매도 구간 아님)",
        "볼린저밴드": "밴드 폭 축소"
      },
      "세부분석": {
        "가격및거래량": {
          "거래량비교": "최근 4주 평균 거래량 대비 30% 수준으로 감소.",
          "박스권분석": "최근 8주간 5700원~6000원 박스권 형성. 이번 주는 상단 저항을 시험하는 모습."
        },
        "이동평균선": {
          "현재가위치": "현재가(5760)는 5주선(5780) 아래, 20주선(5850) 아래, 60주선(5950) 아래에 위치.",
          "20주선역할": "20주선은 중기 저항선으로 작용 중."
        },
        "모멘텀": {
          "Stochastic분석": "%K와 %D 모두 30%대에 위치하며 상승 모멘텀은 약화. 과매도는 아님.",
          "볼린저밴드분석": "볼린저밴드 폭이 축소되고 있어 단기 변동성 축소 가능성을 시사."
        }
      },
      "중기투자아이디어": {
        "추세요약": "중기적으로는 상승 추세가 약화되었으나, 5700원 부근 지지선을 유지하고 있어 박스권 상단 돌파 여부가 관건.",
        "매매시그널": "5700원 이하 추가 하락 시 매수 관망. 6000원 상단 돌파 및 거래량 증가 확인 시 매수 고려. 5500원 이하 지지 실패 시 매도 고려."
      }
    },
    "batch_id": "batch_1754532511",
    "processed_at": "2025-08-07T11:08:46.447635"
  },
  {
    "stock_name": "알 수 없음 (023410)",
    "stock_code": "023410",
    "chart_type": "주봉",
    "analysis_score": 75,
    "summary": "중기 상승 추세 유지, 저항선 돌파 시도 후 조정 국면",
    "detailed_analysis": "023410 종목의 주봉 차트 분석이 성공적으로 완료되었습니다.",
    "timestamp": "2025-08-07T11:08:58.082196",
    "ai_analysis_file": "analysis_weekly_023410_20250807_110857.json",
    "ai_analysis_data": {
      "종목정보": {
        "종목명": "알 수 없음 (023410)",
        "종목번호": "023410",
        "분석일시": "2025-08-07 11:08:57",
        "차트유형": "주봉"
      },
      "종합분석점수": {
        "점수": 75,
        "요약": "중기 상승 추세 유지, 저항선 돌파 시도 후 조정 국면"
      },
      "이번주봉": {
        "종가": "3535",
        "등락률": "-0.14",
        "거래량": "206445",
        "주요특징": "상승 추세 이후 소폭 하락, 거래량 감소. 3600원 부근 저항 확인"
      },
      "핵심기술적지표": {
        "이동평균선정배열": "예",
        "골든데드크로스": "아니오",
        "Stochastic상태": " %K: 30, %D: 35 (과매도 구간 아님)",
        "볼린저밴드": "밴드 폭 축소"
      },
      "세부분석": {
        "가격및거래량": {
          "거래량비교": "최근 4주 평균 거래량 대비 20% 수준으로 감소",
          "박스권분석": "3400원~3600원 박스권 상단 저항 확인 후 소폭 하락, 박스권 탈출 시도 실패"
        },
        "이동평균선": {
          "현재가위치": "현재가(3535)는 5주선(3550) 아래, 20주선(3500) 위, 60주선(3450) 위에 위치",
          "20주선역할": "중기적인 지지선 역할"
        },
        "모멘텀": {
          "Stochastic분석": "Stochastic %K와 %D는 30% 부근으로 모멘텀은 약화되었으나 과매도는 아님",
          "볼린저밴드분석": "볼린저밴드 폭 축소는 단기 변동성 축소를 시사하며 추세 전환 가능성 존재"
        }
      },
      "중기투자아이디어": {
        "추세요약": "중기적으로 상승 추세를 유지하고 있으나, 3600원 부근 저항을 넘지 못하고 소폭 조정 중. 거래량 감소는 주의해야 할 요소",
        "매매시그널": "3500원(20주선) 지지 여부 확인 후 매수 시그널 고려. 3600원 돌파 시 추가 상승 가능성 높음. 3400원 이하 하락 시 매도 고려"
      }
    },
    "batch_id": "batch_1754532511",
    "processed_at": "2025-08-07T11:08:58.082395"
  },
  {
    "stock_name": "알 수 없음 (145720)",
    "stock_code": "145720",
    "chart_type": "주봉",
    "analysis_score": 75,
    "summary": "중기 상승 추세 약화, 박스권 하단부 지지 확인 후 재상승 시도 여부 관찰 필요",
    "detailed_analysis": "145720 종목의 주봉 차트 분석이 성공적으로 완료되었습니다.",
    "timestamp": "2025-08-07T11:09:08.701608",
    "ai_analysis_file": "analysis_weekly_145720_20250807_110908.json",
    "ai_analysis_data": {
      "종목정보": {
        "종목명": "알 수 없음 (145720)",
        "종목번호": "145720",
        "분석일시": "2025-08-07 11:09:08",
        "차트유형": "주봉"
      },
      "종합분석점수": {
        "점수": 75,
        "요약": "중기 상승 추세 약화, 박스권 하단부 지지 확인 후 재상승 시도 여부 관찰 필요"
      },
      "이번주봉": {
        "종가": "63500",
        "등락률": "0.00%",
        "거래량": "51918",
        "주요특징": "지난주와 동일한 종가. 거래량 감소. 60주선 부근에서 지지받는 모습을 보임. 뚜렷한 상승 또는 하락 추세는 나타나지 않음."
      },
      "핵심기술적지표": {
        "이동평균선정배열": "아니오",
        "골든데드크로스": "아니오",
        "Stochastic상태": "%K: 45, %D: 48",
        "볼린저밴드": "밴드 폭 축소"
      },
      "세부분석": {
        "가격및거래량": {
          "거래량비교": "최근 4주 평균 거래량 대비 30% 수준으로 감소",
          "박스권분석": "60,000원에서 70,000원 사이 박스권 하단부를 지지. 박스권 상단 돌파는 아직 시도하지 않음."
        },
        "이동평균선": {
          "현재가위치": "5주선, 20주선, 60주선 모두 아래에 위치",
          "20주선역할": "중기 추세의 지지선으로 작용할 가능성 존재,  돌파 여부 확인 필요"
        },
        "모멘텀": {
          "Stochastic분석": "Stochastic %K와 %D는 50% 부근에서 움직이며 모멘텀은 약함.",
          "볼린저밴드분석": "볼린저밴드 폭이 축소되고 있으며, 변동성 축소 가능성 존재"
        }
      },
      "중기투자아이디어": {
        "추세요약": "단기적으로는 박스권 하단 지지 후 재상승 여부 확인 필요. 중장기적으로는 상승 추세 약화 및 변동성 축소 가능성 높음.",
        "매매시그널": "현재는 매수/매도 신호 모두 약함.  60,000원 부근 지지 여부와 거래량 증가를 확인 후 매수를 고려해 볼 수 있음. 60주선 이탈시 추가 하락 가능성 고려해야 함."
      }
    },
    "batch_id": "batch_1754532511",
    "processed_at": "2025-08-07T11:09:08.701941"
  },
  {
    "stock_name": "삼성전자",
    "stock_code": "005930",
    "chart_type": "주봉",
    "analysis_score": 75,
    "summary": "중기 상승 추세 유지, 70,000원대 지지선 확인 후 추가 상승 여력 존재",
    "detailed_analysis": "005930 종목의 주봉 차트 분석이 성공적으로 완료되었습니다.",
    "timestamp": "2025-08-07T11:09:19.388581",
    "ai_analysis_file": "analysis_weekly_005930_20250807_110919.json",
    "ai_analysis_data": {
      "종목정보": {
        "종목명": "삼성전자",
        "종목번호": "005930",
        "분석일시": "2025-08-07 11:09:19",
        "차트유형": "주봉"
      },
      "종합분석점수": {
        "점수": 75,
        "요약": "중기 상승 추세 유지, 70,000원대 지지선 확인 후 추가 상승 여력 존재"
      },
      "이번주봉": {
        "종가": "70200",
        "등락률": "-0.35",
        "거래량": "34886981",
        "주요특징": "70,000원대 지지선 테스트 후 소폭 하락. 거래량 감소는 단기 조정 가능성 시사"
      },
      "핵심기술적지표": {
        "이동평균선정배열": "예",
        "골든데드크로스": "아니오",
        "Stochastic상태": " %K: 70, %D: 60 (과매수/과매도 구간 아님)",
        "볼린저밴드": "밴드 폭 축소"
      },
      "세부분석": {
        "가격및거래량": {
          "거래량비교": "최근 4주 평균 거래량(약 90,000,000주) 대비 38.8% 수준으로 감소",
          "박스권분석": "최근 4주간 68,000원에서 74,000원 사이의 박스권에서 등락 중. 상단 돌파 시도 후 소폭 조정"
        },
        "이동평균선": {
          "현재가위치": "현재 주가(70,200원)는 5주선(69,500원), 20주선(68,000원), 60주선(65,000원) 모두 상회",
          "20주선역할": "20주선은 강력한 지지선 역할 수행"
        },
        "모멘텀": {
          "Stochastic분석": "%K와 %D선은 모두 80 미만으로 과매수 상태가 아니며, 모멘텀은 약세로 전환 가능성이 있음.",
          "볼린저밴드분석": "볼린저밴드 폭이 축소되고 있으며, 단기 조정 후 변동성 확대 가능성 존재"
        }
      },
      "중기투자아이디어": {
        "추세요약": "중장기적으로는 상승 추세를 유지하고 있으나, 단기적으로는 조정 가능성이 존재.",
        "매매시그널": "70,000원대 지지선을 확인 후 상승 시 재진입 매수 시그널. 68,000원 이하 하락 시 매도 고려"
      }
    },
    "batch_id": "batch_1754532511",
    "processed_at": "2025-08-07T11:09:19.389487"
  },
  {
    "stock_name": "알 수 없음 (014280)",
    "stock_code": "014280",
    "chart_type": "주봉",
    "analysis_score": 65,
    "summary": "중기적으로 약세지만, 저가 매수 기회를 노려볼 만한 상황",
    "detailed_analysis": "014280 종목의 주봉 차트 분석이 성공적으로 완료되었습니다.",
    "timestamp": "2025-08-07T11:09:30.068144",
    "ai_analysis_file": "analysis_weekly_014280_20250807_110929.json",
    "ai_analysis_data": {
      "종목정보": {
        "종목명": "알 수 없음 (014280)",
        "종목번호": "014280",
        "분석일시": "2025-08-07 11:09:29",
        "차트유형": "주봉"
      },
      "종합분석점수": {
        "점수": 65,
        "요약": "중기적으로 약세지만, 저가 매수 기회를 노려볼 만한 상황"
      },
      "이번주봉": {
        "종가": "4425",
        "등락률": "-0.23%",
        "거래량": "101862",
        "주요특징": "지난주 급락 이후 소폭 반등. 거래량 감소하며 약세 흐름 지속"
      },
      "핵심기술적지표": {
        "이동평균선정배열": "아니오",
        "골든데드크로스": "아니오",
        "Stochastic상태": " %K: 25, %D: 30 (과매도 구간 진입)",
        "볼린저밴드": "밴드폭 축소 후, 최근 밴드 하단부 근접"
      },
      "세부분석": {
        "가격및거래량": {
          "거래량비교": "최근 4주 평균 거래량 대비 30% 이하 수준으로 거래량이 매우 감소",
          "박스권분석": "4000원대 중반에서 5000원대 초반 사이의 박스권에서 하단부 이탈"
        },
        "이동평균선": {
          "현재가위치": "현재 주가(4425)는 5주선(4500), 20주선(4600), 60주선(4800) 아래에 위치",
          "20주선역할": "20주선은 단기적인 저항선으로 작용"
        },
        "모멘텀": {
          "Stochastic분석": "Stochastic %K와 %D 모두 과매도 영역에 진입, 단기적인 반등 가능성 존재",
          "볼린저밴드분석": "볼린저밴드 폭이 좁아지고 있어 변동성 축소 후, 향후 변동성 확대 가능성 존재"
        }
      },
      "중기투자아이디어": {
        "추세요약": "중기적으로는 약세 추세를 보이고 있으나, 과매도 구간 진입과 볼린저밴드 하단부 근접으로 저가 매수 기회를 노려볼 수 있는 상황",
        "매매시그널": "4000원대 초반까지 지지 여부 확인 후, 4200원 부근에서 분할 매수 시그널을 고려. 4000원대 초반 돌파 실패시 추가 하락 가능성 고려, 손절선 설정 필요"
      }
    },
    "batch_id": "batch_1754532511",
    "processed_at": "2025-08-07T11:09:30.068466"
  }
]