[
  {
    "stock_name": "YG-1",
    "stock_code": "019210",
    "chart_type": "일봉",
    "analysis_score": 85,
    "summary": "단기 상승 모멘텀 강세, 매수 시그널 존재",
    "detailed_analysis": "019210 종목의 일봉 차트 분석이 성공적으로 완료되었습니다.",
    "timestamp": "2025-08-07T11:18:42.317853",
    "ai_analysis_file": "analysis_daily_019210_20250807_111842.json",
    "ai_analysis_data": {
      "종목정보": {
        "종목명": "YG-1",
        "종목번호": "019210",
        "분석일시": "2025-08-07 11:18:42",
        "차트유형": "일봉"
      },
      "종합분석점수": {
        "점수": 85,
        "요약": "단기 상승 모멘텀 강세, 매수 시그널 존재"
      },
      "오늘의일봉": {
        "종가": "5770",
        "등락률": "1.76%",
        "거래량": "24312",
        "주요특징": "전일 대비 상승 마감. 거래량은 평균 이하이나, 5700원대 지지 후 상승세 재개."
      },
      "핵심기술적지표": {
        "이동평균선정배열": "예",
        "골든데드크로스": "아니오",
        "MACD상태": "15 vs 10",
        "RSI상태": "60",
        "볼린저밴드": "밴드 폭 축소 후 확장 시작"
      },
      "세부분석": {
        "가격및거래량": {
          "거래량비교": "최근 5일 평균 거래량(47,248) 대비 51.3% 수준. 평균 이하 거래량.",
          "주요가격대": "5700원대는 강력한 지지선 역할. 5800원 돌파 시도는 실패했지만, 5700원 지지 후 상승세 재개."
        },
        "이동평균선": {
          "현재가위치": "5일선(5700) 상회, 20일선(5650) 상회, 60일선(5400) 상회",
          "밀집도": "5일선과 20일선은 약간 밀집, 60일선과는 확산"
        },
        "모멘텀": {
          "MACD분석": "MACD선이 시그널선 위에 위치하며 양의 영역에 있으나, 상승세는 다소 둔화. 모멘텀은 강세이나, 과열 가능성 존재.",
          "RSI분석": "RSI 60으로 중립 구간. 과매수/과매도 구간 진입 X. 다이버전스 없음."
        }
      },
      "단기투자아이디어": {
        "추세요약": "단기적으로 상승 추세 유지,  5700원대 지지선 확인 후 상승 모멘텀 강세를 보이고 있으나, 과열 가능성도 존재한다.",
        "매매시그널": "5700원대 지지 확인 후 5800원 돌파 시 추가 상승 가능성 높음. 매수 시그널.  단, 5700원 이하 하락시 매도 고려."
      }
    },
    "batch_id": "batch_1754533111",
    "processed_at": "2025-08-07T11:18:42.318087"
  },
  {
    "stock_name": "유진기업",
    "stock_code": "023410",
    "chart_type": "일봉",
    "analysis_score": 85,
    "summary": "단기 상승 모멘텀 유지, 매수 관망 후 상승 추세 확인 필요",
    "detailed_analysis": "023410 종목의 일봉 차트 분석이 성공적으로 완료되었습니다.",
    "timestamp": "2025-08-07T11:18:51.666583",
    "ai_analysis_file": "analysis_daily_023410_20250807_111851.json",
    "ai_analysis_data": {
      "종목정보": {
        "종목명": "유진기업",
        "종목번호": "023410",
        "분석일시": "2025-08-07 11:18:51",
        "차트유형": "일봉"
      },
      "종합분석점수": {
        "점수": 85,
        "요약": "단기 상승 모멘텀 유지, 매수 관망 후 상승 추세 확인 필요"
      },
      "오늘의일봉": {
        "종가": "3540",
        "등락률": "0.43%",
        "거래량": "71305",
        "주요특징": "소폭 상승 마감. 거래량 감소. 3500원대 지지 확인"
      },
      "핵심기술적지표": {
        "이동평균선정배열": "예",
        "골든데드크로스": "아니오",
        "MACD상태": "20 vs 15",
        "RSI상태": "55",
        "볼린저밴드": "수축 후 확장 국면 진입"
      },
      "세부분석": {
        "가격및거래량": {
          "거래량비교": "최근 5일 평균 거래량 15만주 대비 47.5% 수준으로 감소",
          "주요가격대": "3500원대 지지 확인.  3400원대는 강력한 지지선으로 작용할 가능성 높음."
        },
        "이동평균선": {
          "현재가위치": "5일선, 20일선, 60일선 모두 상회",
          "밀집도": "확산"
        },
        "모멘텀": {
          "MACD분석": "MACD선이 시그널선 위에 위치하며 상승 모멘텀 유지.  하지만 상승폭은 둔화되는 추세",
          "RSI분석": "RSI 55로 중립 수준. 과매수/과매도 영역 진입 아님.  다이버전스는 관찰되지 않음"
        }
      },
      "단기투자아이디어": {
        "추세요약": "단기적으로는 상승 추세를 유지하고 있으나, 모멘텀은 다소 약화되고 있음.",
        "매매시그널": "3500원대 지지선 확인 후, 추가 상승 여부를 관망하며 매수 접근. 3400원대 이탈 시 매도 고려"
      }
    },
    "batch_id": "batch_1754533111",
    "processed_at": "2025-08-07T11:18:51.666953"
  },
  {
    "stock_name": "덴티움",
    "stock_code": "145720",
    "chart_type": "일봉",
    "analysis_score": 65,
    "summary": "단기 약세 후 반등 시도, 추가 관찰 필요",
    "detailed_analysis": "145720 종목의 일봉 차트 분석이 성공적으로 완료되었습니다.",
    "timestamp": "2025-08-07T11:19:03.101565",
    "ai_analysis_file": "analysis_daily_145720_20250807_111903.json",
    "ai_analysis_data": {
      "종목정보": {
        "종목명": "덴티움",
        "종목번호": "145720",
        "분석일시": "2025-08-07 11:19:03",
        "차트유형": "일봉"
      },
      "종합분석점수": {
        "점수": 65,
        "요약": "단기 약세 후 반등 시도, 추가 관찰 필요"
      },
      "오늘의일봉": {
        "종가": "63600",
        "등락률": "-0.47%",
        "거래량": "3858",
        "주요특징": "전일 대비 소폭 하락, 거래량 매우 저조. 64,000원대 지지 실패 후 63,000원대 지지 확인."
      },
      "핵심기술적지표": {
        "이동평균선정배열": "아니오",
        "골든데드크로스": "아니오",
        "MACD상태": "-1000 vs -1500",
        "RSI상태": "45",
        "볼린저밴드": "밴드 폭 축소 후 확대 국면 진입"
      },
      "세부분석": {
        "가격및거래량": {
          "거래량비교": "최근 5일 평균 거래량(29,000) 대비 13.3% 수준으로 매우 저조. 64,000원대 저항선 돌파 실패 후 63,000원대 지지 확인.",
          "주요가격대": "64,000원대는 단기 저항선으로 작용, 63,000원대는 단기 지지선으로 작용. 거래량 감소는 투자 심리 위축 가능성 시사."
        },
        "이동평균선": {
          "현재가위치": "주가는 5일선(63,200원) 아래, 20일선(64,500원) 아래, 60일선(67,000원) 아래에 위치.",
          "밀집도": "이동평균선은 다소 확산되어 향후 변동성 확대 가능성 시사."
        },
        "모멘텀": {
          "MACD분석": "MACD 선이 시그널 선 위에 있으나, 둘 다 0선 아래에 위치하여 모멘텀은 약함.  MACD 오실레이터는 양 전환 후 다시 음으로 전환, 추세는 약세로 판단.",
          "RSI분석": "RSI 수치 45는 과매수/과매도 구간에 진입하지 않았음. 가격과 RSI 지표 간 다이버전스는 관찰되지 않음."
        }
      },
      "단기투자아이디어": {
        "추세요약": "단기적으로는 약세 흐름이 지속되고 있으나, 63,000원대 지지선을 확인한 점은 긍정적. 추가적인 상승 모멘텀 확보 여부가 관건.",
        "매매시그널": "현재 매수 시그널은 부족하나, 63,000원대 지지선 지지 확인 후 거래량 증가와 함께 5일선 상향 돌파 시 매수를 고려할 수 있음. 64,000원대 돌파 실패 시 추가 하락 가능성 유의해야 함."
      }
    },
    "batch_id": "batch_1754533111",
    "processed_at": "2025-08-07T11:19:03.102052"
  },
  {
    "stock_name": "삼성전자",
    "stock_code": "005930",
    "chart_type": "일봉",
    "analysis_score": 85,
    "summary": "단기 상승 모멘텀 강세, 저점 확인 후 매수 시그널",
    "detailed_analysis": "005930 종목의 일봉 차트 분석이 성공적으로 완료되었습니다.",
    "timestamp": "2025-08-07T11:19:12.760906",
    "ai_analysis_file": "analysis_daily_005930_20250807_111912.json",
    "ai_analysis_data": {
      "종목정보": {
        "종목명": "삼성전자",
        "종목번호": "005930",
        "분석일시": "2025-08-07 11:19:12",
        "차트유형": "일봉"
      },
      "종합분석점수": {
        "점수": 85,
        "요약": "단기 상승 모멘텀 강세, 저점 확인 후 매수 시그널"
      },
      "오늘의일봉": {
        "종가": "70200",
        "등락률": "2.03%",
        "거래량": "8259840",
        "주요특징": "갭 상승 출발 후 상승세 유지, 거래량은 평균 이하"
      },
      "핵심기술적지표": {
        "이동평균선정배열": "예",
        "골든데드크로스": "아니오",
        "MACD상태": "100 vs 50",
        "RSI상태": "55",
        "볼린저밴드": "밴드 폭 축소 후 확장 시작"
      },
      "세부분석": {
        "가격및거래량": {
          "거래량비교": "최근 5일 평균 거래량 18,472,636주 대비 45% 수준",
          "주요가격대": "69000원 부근에서 지지선 확인 후 상승"
        },
        "이동평균선": {
          "현재가위치": "5일선, 20일선, 60일선 모두 상회",
          "밀집도": "확산 후 밀집되는 추세"
        },
        "모멘텀": {
          "MACD분석": "MACD선이 시그널선을 상회하며 강한 상승 모멘텀을 유지.  양 전환 후 지속 상승중",
          "RSI분석": "RSI 55로 중립권. 과매수/과매도 구간 진입 X. 다이버전스 미확인"
        }
      },
      "단기투자아이디어": {
        "추세요약": "단기적으로는 상승 추세를 유지할 가능성이 높으나, 과열 우려 존재.",
        "매매시그널": "70,000원 부근 지지 확인 후 매수 진입. 69,000원 이하 하락시 매수 포지션 청산 고려"
      }
    },
    "batch_id": "batch_1754533111",
    "processed_at": "2025-08-07T11:19:12.761149"
  },
  {
    "stock_name": "금강철강",
    "stock_code": "014280",
    "chart_type": "일봉",
    "analysis_score": 75,
    "summary": "단기적으로 약세 흐름, 저가 매수 기회 모색",
    "detailed_analysis": "014280 종목의 일봉 차트 분석이 성공적으로 완료되었습니다.",
    "timestamp": "2025-08-07T11:19:23.752141",
    "ai_analysis_file": "analysis_daily_014280_20250807_111923.json",
    "ai_analysis_data": {
      "종목정보": {
        "종목명": "금강철강",
        "종목번호": "014280",
        "분석일시": "2025-08-07 11:19:23",
        "차트유형": "일봉"
      },
      "종합분석점수": {
        "점수": 75,
        "요약": "단기적으로 약세 흐름, 저가 매수 기회 모색"
      },
      "오늘의일봉": {
        "종가": "4435",
        "등락률": "0.11%",
        "거래량": "22609",
        "주요특징": "소폭 상승 마감. 거래량 감소. 4400원대 지지 확인"
      },
      "핵심기술적지표": {
        "이동평균선정배열": "아니오",
        "골든데드크로스": "아니오",
        "MACD상태": "20 vs 30",
        "RSI상태": "45",
        "볼린저밴드": "수축 후 확대 국면 진입"
      },
      "세부분석": {
        "가격및거래량": {
          "거래량비교": "최근 5일 평균 거래량 6만주 대비 2.2만주로, 37% 수준. 매우 저조한 거래량.",
          "주요가격대": "4300원대는 강력한 지지선 역할을 했으나, 4500원대 돌파는 실패. 4400원대는 단기적인 저항대 형성 가능성"
        },
        "이동평균선": {
          "현재가위치": "주가는 5일선(4390원), 20일선(4400원), 60일선(4380원) 위에 위치. 60일선과 20일선은 거의 일치하며 수렴중",
          "밀집도": "밀집 상태에서 점차 확산 추세"
        },
        "모멘텀": {
          "MACD분석": "MACD는 시그널선 아래 위치하며 약세 모멘텀.  MACD 히스토그램은 음영을 유지. 추세는 약세",
          "RSI분석": "RSI는 45 수준으로 과매수/과매도 영역에 진입하지 않음. 가격과 지표 간 다이버전스는 관찰되지 않음."
        }
      },
      "단기투자아이디어": {
        "추세요약": "단기적으로는 약세 흐름이지만, 4300원대 지지선을 유지하며 저항선인 4500원대 돌파 시도를 할 것으로 예상. ",
        "매매시그널": "4300원대 지지선이 무너지지 않는다면 4300원 부근에서 분할 매수를 고려해 볼 수 있으나, 4500원 돌파 실패시 손절매 계획 수립 필요.  4500원 돌파 시 추가 상승 가능성을 염두에 두고 매수 전략 설정 필요."
      }
    },
    "batch_id": "batch_1754533111",
    "processed_at": "2025-08-07T11:19:23.752339"
  }
]