{
  "종목정보": {
    "종목명": "유진투자증권",
    "종목번호": "023410",
    "분석일시": "2025-08-06 15:41:21",
    "차트유형": "주봉"
  },
  "종합분석점수": {
    "점수": 75,
    "요약": "중기 상승 추세 유지, 박스권 상단 돌파 시도 후 조정 국면 진입"
  },
  "이번주봉": {
    "종가": "3525",
    "등락률": "3.07%",
    "거래량": "251629",
    "주요특징": "이번 주는 박스권 상단부근에서의 등락 후 종가는 상승 마감. 거래량은 평균 이하로 감소."
  },
  "핵심기술적지표": {
    "이동평균선정배열": "예",
    "골든데드크로스": "아니오",
    "Stochastic상태": "%K: 70, %D: 65 (과매수 영역 진입)",
    "볼린저밴드": "밴드 폭 확대"
  },
  "세부분석": {
    "가격및거래량": {
      "거래량비교": "최근 4주 평균 거래량 대비 20% 수준으로 감소",
      "박스권분석": "3400~3600원 박스권 상단 돌파 시도 후 조정 국면"
    },
    "이동평균선": {
      "현재가위치": "현재가는 5주선, 20주선, 60주선 모두 위에 위치",
      "20주선역할": "단기적인 지지선 역할"
    },
    "모멘텀": {
      "Stochastic분석": "%K선과 %D선 모두 과매수 영역 진입. 모멘텀은 다소 약화되는 추세",
      "볼린저밴드분석": "볼린저밴드 폭 확대는 변동성 확대 가능성을 시사"
    }
  },
  "중기투자아이디어": {
    "추세요약": "중장기적으로는 상승 추세를 유지하고 있으나, 단기적으로는 과매수권 진입과 거래량 감소로 인해 조정 가능성이 높음",
    "매매시그널": "단기 조정 후 20주선 지지 여부 확인 후 매수 시그널 고려. 3400원 이하 하락 시 추가 매수 고려. 3600원 돌파 실패 시 매도 고려"
  }
}