{
  "종목정보": {
    "종목명": "금강공업",
    "종목번호": "014280",
    "분석일시": "2025-08-06 15:42:01",
    "차트유형": "주봉"
  },
  "종합분석점수": {
    "점수": 65,
    "요약": "중기적으로는 상승 가능성이 있으나, 단기적인 조정 가능성도 존재하는 상황"
  },
  "이번주봉": {
    "종가": "4430",
    "등락률": "-1.26",
    "거래량": "176251",
    "주요특징": "이번 주는 약세 마감. 4500원 부근 저항에 부딪혀 하락 전환. 거래량 감소."
  },
  "핵심기술적지표": {
    "이동평균선정배열": "아니오",
    "골든데드크로스": "아니오",
    "Stochastic상태": "%K: 35, %D: 40 (과매도 구간 근접)",
    "볼린저밴드": "밴드 폭은 다소 좁아지는 추세"
  },
  "세부분석": {
    "가격및거래량": {
      "거래량비교": "최근 1개월 평균 거래량 대비 50% 이하 수준으로 감소",
      "박스권분석": "최근 4주간 4300원~4800원 사이의 박스권에서 등락을 반복하다 하단부 근처까지 하락"
    },
    "이동평균선": {
      "현재가위치": "주가는 5주선, 20주선, 60주선 모두 아래에 위치",
      "20주선역할": "20주선은 현재 저항선으로 작용할 가능성이 높음"
    },
    "모멘텀": {
      "Stochastic분석": "Stochastic %K와 %D는 모두 과매도 구간에 근접.  모멘텀은 약세",
      "볼린저밴드분석": "볼린저밴드 폭이 좁아짐에 따라 향후 변동성이 확대될 가능성이 있음"
    }
  },
  "중기투자아이디어": {
    "추세요약": "단기적으로는 조정 가능성이 높으나, 중장기적으로는 20주선을 돌파할 경우 상승세 재개 가능성 존재",
    "매매시그널": "4300원 부근 지지 여부 관찰 후, 20주선 돌파 시 매수 신호로 판단. 20주선 이탈 시 추가 하락 가능성 고려, 매도 고려"
  }
}