{
  "종목정보": {
    "종목명": "삼성전자",
    "종목번호": "005930",
    "분석일시": "2025-08-06 15:41:48",
    "차트유형": "주봉"
  },
  "종합분석점수": {
    "점수": 75,
    "요약": "중기 상승 추세 유지, 70,000원대 저항 돌파 시도 후 조정 국면, 거래량 감소는 주의 필요"
  },
  "이번주봉": {
    "종가": "69,050",
    "등락률": "0.22%",
    "거래량": "40,926,577",
    "주요특징": "70,000원대 저항에 막히며 상승 탄력 저하, 68,000원대 지지 확인, 거래량 감소"
  },
  "핵심기술적지표": {
    "이동평균선정배열": "예",
    "골든데드크로스": "아니오",
    "Stochastic상태": "%K: 70, %D: 65 (과매수 지역 진입 임박)",
    "볼린저밴드": "밴드 폭 축소 후 확대 추세"
  },
  "세부분석": {
    "가격및거래량": {
      "거래량비교": "최근 4주 평균 거래량 대비 40% 수준으로 감소",
      "박스권분석": "60,000원 부근에서 70,000원 부근까지의 박스권 상단 돌파 시도 후 조정"
    },
    "이동평균선": {
      "현재가위치": "현재가는 5주선, 20주선, 60주선 모두 상회",
      "20주선역할": "20주선은 중기적인 지지선 역할"
    },
    "모멘텀": {
      "Stochastic분석": "%K와 %D가 모두 상승 추세이나, 과매수 지역 진입 임박으로 모멘텀 약화 가능성",
      "볼린저밴드분석": "볼린저밴드 폭이 축소 후 다시 확대되는 추세는 변동성 확대 가능성 시사"
    }
  },
  "중기투자아이디어": {
    "추세요약": "단기 조정 가능성 존재하지만, 중장기적으로는 상승 추세 유지 예상, 68,000원대 지지선 유지 여부 중요",
    "매매시그널": "70,000원대 저항 돌파 실패 후 조정 국면 진입 시 68,000원대 지지선 확인 후 매수 시그널 고려, 68,000원대 이탈 시 매도 고려"
  }
}