{
  "종목정보": {
    "종목명": "YG플러스",
    "종목번호": "019210",
    "분석일시": "2025-08-06 15:41:09",
    "차트유형": "주봉"
  },
  "종합분석점수": {
    "점수": 65,
    "요약": "중기적으로 약세 흐름, 저점 확인 후 매수 고려"
  },
  "이번주봉": {
    "종가": "5670",
    "등락률": "1.07",
    "거래량": "104094",
    "주요특징": "지난주 소폭 상승. 5500원대 저점 지지 확인 후 반등 시도. 거래량 감소."
  },
  "핵심기술적지표": {
    "이동평균선정배열": "아니오",
    "골든데드크로스": "아니오",
    "Stochastic상태": " %K: 35, %D: 40 (과매도권 진입 아님)",
    "볼린저밴드": "밴드 폭 축소"
  },
  "세부분석": {
    "가격및거래량": {
      "거래량비교": "최근 4주 평균 거래량 대비 낮은 수준",
      "박스권분석": "5000원 중반~6000원대 박스권 하단부에서 움직임. 최근 박스권 하단을 벗어나지 못하고 저항에 봉착"
    },
    "이동평균선": {
      "현재가위치": "5주선, 20주선, 60주선 모두 아래 위치",
      "20주선역할": "저항선 역할"
    },
    "모멘텀": {
      "Stochastic분석": "Stochastic %K, %D 모두 낮은 수준이나 과매도는 아님. 모멘텀 약세",
      "볼린저밴드분석": "볼린저밴드 폭 축소는 변동성 축소 가능성 시사. 추가적인 하락 가능성 존재."
    }
  },
  "중기투자아이디어": {
    "추세요약": "단기적으로는 5500원대 지지선을 확인 후 반등 시도를 하고 있으나, 중장기적으로는 약세 흐름이 지속될 가능성이 높음. ",
    "매매시그널": "5500원대 지지선을 확실히 지켜내고 20주선을 상향 돌파하는 강력한 매수 신호가 나올 때 매수 고려. 6000원대 저항 돌파 실패 시 추가 하락 가능성을 고려하여 손절매 계획 수립 필요."
  }
}