{
  "종목정보": {
    "종목명": "덴티움",
    "종목번호": "145720",
    "분석일시": "2025-08-06 15:41:36",
    "차트유형": "주봉"
  },
  "종합분석점수": {
    "점수": 75,
    "요약": "중기 상승 추세 유지, 60주선 돌파 시도 후 조정 국면 진입"
  },
  "이번주봉": {
    "종가": "63700",
    "등락률": "2.74%",
    "거래량": "76599",
    "주요특징": "지난주 상승세 이후 소폭 상승 마감. 60주선을 돌파하려는 시도를 보였으나, 거래량 감소와 함께 상승 탄력이 약화되며 조정 국면 진입 가능성이 높아짐"
  },
  "핵심기술적지표": {
    "이동평균선정배열": "예",
    "골든데드크로스": "아니오",
    "Stochastic상태": "%K: 35, %D: 40 (과매도 구간 아님)",
    "볼린저밴드": "밴드 폭 축소 후 확대되는 추세"
  },
  "세부분석": {
    "가격및거래량": {
      "거래량비교": "최근 4주 평균 거래량 대비 낮은 수준 (추정)",
      "박스권분석": "단기 박스권 상단 돌파 시도 후 조정 국면"
    },
    "이동평균선": {
      "현재가위치": "5주선, 20주선 상회, 60주선 근접",
      "20주선역할": "중기적인 지지선 역할"
    },
    "모멘텀": {
      "Stochastic분석": "Stochastic %K와 %D 모두 낮은 수치이나 과매도 구간 진입하지 않음. 모멘텀은 약화되는 추세",
      "볼린저밴드분석": "볼린저밴드 폭이 좁아졌다가 다시 넓어지는 추세. 변동성 확대 가능성"
    }
  },
  "중기투자아이디어": {
    "추세요약": "60주선 돌파 시도 후 조정 국면 진입, 중장기 상승 추세는 유효하지만 단기적으로는 변동성 확대 가능성 존재",
    "매매시그널": "현재가격 부근에서 매수 시그널은 약화되었지만, 20주선 지지 확인 후 재상승 시 매수 고려. 60주선 이탈 시 단기적인 손절매 고려"
  }
}