{
  "종목정보": {
    "종목명": "와이지-원",
    "종목번호": "019210",
    "분석일시": "2025-08-06 18:01:08",
    "차트유형": "일봉"
  },
  "종합분석점수": {
    "점수": 85,
    "요약": "단기 상승 모멘텀 유지, 5일선 지지 확인 후 매수 고려"
  },
  "오늘의일봉": {
    "종가": "5670",
    "등락률": "0.89%",
    "거래량": "50812",
    "주요특징": "약간의 상승 마감. 거래량은 최근 평균 수준. 특별한 가격대 돌파나 실패는 없음."
  },
  "핵심기술적지표": {
    "이동평균선정배열": "예",
    "골든데드크로스": "아니오",
    "MACD상태": "10 vs 5",
    "RSI상태": "55",
    "볼린저밴드": "보합 수준, 밴드 폭 약간 축소"
  },
  "세부분석": {
    "가격및거래량": {
      "거래량비교": "최근 5일 평균 거래량 50,000주 대비 101.62% 수준",
      "주요가격대": "5700원 부근 저항 확인. 5600원 부근 지지 확인."
    },
    "이동평균선": {
      "현재가위치": "5일선(5700) 위, 20일선(5750) 아래, 60일선(5200) 위",
      "밀집도": "약간 밀집"
    },
    "모멘텀": {
      "MACD분석": "MACD선이 시그널선 위에 위치하며 상승 모멘텀을 유지. 양 전환 확인.  추세는 상승세 지속 가능성 높음.",
      "RSI분석": "RSI 55로 중립 구간. 과매수/과매도는 아님.  다이버전스는 관찰되지 않음."
    }
  },
  "단기투자아이디어": {
    "추세요약": "단기적으로 상승 추세를 유지하고 있으며, 모멘텀은 양호함.",
    "매매시그널": "5일선 지지를 확인 후 매수 시그널. 5700원 돌파시 추가 상승 가능성 높음. 5600원 이하 하락시 매도 고려."
  }
}