{
  "종목정보": {
    "종목명": "금강공업",
    "종목번호": "014280",
    "분석일시": "2025-08-06 18:01:53",
    "차트유형": "일봉"
  },
  "종합분석점수": {
    "점수": 75,
    "요약": "단기적으로는 약세지만, 저가 매수 기회 존재 가능성"
  },
  "오늘의일봉": {
    "종가": "4430",
    "등락률": "0.91%",
    "거래량": "32294",
    "주요특징": "소폭 상승 마감. 거래량은 최근 평균 대비 현저히 감소. 뚜렷한 돌파 또는 저항선 확인 불가."
  },
  "핵심기술적지표": {
    "이동평균선정배열": "아니오",
    "골든데드크로스": "아니오",
    "MACD상태": "20 vs 30",
    "RSI상태": "35",
    "볼린저밴드": "수축 후 확대되는 추세"
  },
  "세부분석": {
    "가격및거래량": {
      "거래량비교": "최근 5일 평균 거래량 7만주 대비 3만2천주로, 약 46% 수준",
      "주요가격대": "4350원 부근에서 지지받는 모습을 보였으나, 뚜렷한 매수세 확인되지 않음.  4500원 부근 저항 확인 필요."
    },
    "이동평균선": {
      "현재가위치": "5일선(4386) 상회, 20일선(4462), 60일선(4593) 하회",
      "밀집도": "확산"
    },
    "모멘텀": {
      "MACD분석": "MACD 선이 시그널 선 아래 위치하며 약세 모멘텀을 유지. 히스토그램 역시 음영을 유지, 상승 모멘텀 약화",
      "RSI분석": "RSI 35로 과매도 구간에 근접.  다이버전스는 확인되지 않음."
    }
  },
  "단기투자아이디어": {
    "추세요약": "단기적으로는 약세 추세이나, RSI 과매도권 진입에 따른 반등 가능성 존재",
    "매매시그널": "4350원 부근 지지선에서의 지지 여부 확인 후 저가 매수 고려.  4500원 돌파 실패 시 매도 고려.  추세 확인을 위한 추가 관찰 필요."
  }
}