{
  "종목정보": {
    "종목명": "삼성전자",
    "종목번호": "005930",
    "분석일시": "2025-08-06 18:01:42",
    "차트유형": "일봉"
  },
  "종합분석점수": {
    "점수": 75,
    "요약": "단기 약세 조정 후 반등 가능성 존재, 매수 관망"
  },
  "오늘의일봉": {
    "종가": "68800",
    "등락률": "-1.57%",
    "거래량": "13326680",
    "주요특징": "약보합 마감. 거래량 감소. 69000원 지지선 지지 실패."
  },
  "핵심기술적지표": {
    "이동평균선정배열": "아니오",
    "골든데드크로스": "아니오",
    "MACD상태": "100 vs 150",
    "RSI상태": "35",
    "볼린저밴드": "밴드폭 축소 후 확장 시작"
  },
  "세부분석": {
    "가격및거래량": {
      "거래량비교": "최근 5일 평균 거래량 18,760,747주 대비 71% 수준으로 감소.  69000원 부근에서 매물대 형성 후 하락.  ",
      "주요가격대": "69000원 지지선에서 매수세 약화, 68000원 지지 확인 필요"
    },
    "이동평균선": {
      "현재가위치": "5일선(69900) 아래, 20일선(70500) 아래, 60일선(70000) 아래",
      "밀집도": "확산 상태, 단기 변동성 확대 가능성"
    },
    "모멘텀": {
      "MACD분석": "MACD선이 시그널선 아래로 내려와 약세 모멘텀.  MACD 오실레이터 음전환 지속 중",
      "RSI분석": "RSI 35로 과매도 구간 진입하지 않았으나, 저점 확인 후 상승 가능성 존재. 가격과 RSI간 다이버전스는 관찰되지 않음."
    }
  },
  "단기투자아이디어": {
    "추세요약": "단기적으로 약세 조정 국면이나, 과매도 영역에 진입하지 않아 반등 가능성도 존재한다.",
    "매매시그널": "68000원 지지 여부 확인 후, 지지시 69000원 부근 매수 시도 가능. 70000원 돌파 실패시 추가 하락 가능성 고려. 67000원 이하 돌파시 매도 고려."
  }
}