{
  "종목정보": {
    "종목명": "덴티움",
    "종목번호": "145720",
    "분석일시": "2025-08-06 18:01:31",
    "차트유형": "일봉"
  },
  "종합분석점수": {
    "점수": 75,
    "요약": "단기적인 상승 움직임은 있으나, 추세 전환의 불확실성 존재, 추가 관찰 필요"
  },
  "오늘의일봉": {
    "종가": "63900",
    "등락률": "1.43%",
    "거래량": "25579",
    "주요특징": "소폭 상승 마감. 거래량은 평균 수준. 62000원대 지지 확인 후 상승 시도."
  },
  "핵심기술적지표": {
    "이동평균선정배열": "아니오",
    "골든데드크로스": "아니오",
    "MACD상태": "-1000 vs -1500",
    "RSI상태": "55",
    "볼린저밴드": "밴드 폭 축소 후 확대되는 추세"
  },
  "세부분석": {
    "가격및거래량": {
      "거래량비교": "최근 5일 평균 거래량 30,000주 대비 85% 수준",
      "주요가격대": "62,000원대는 지지선으로 작용. 64,000원 돌파 시도는 거래량 부족으로 실패."
    },
    "이동평균선": {
      "현재가위치": "주가는 5일선(63000) 위, 20일선(65000) 아래, 60일선(70000) 아래에 위치.",
      "밀집도": "이동평균선은 다소 확산된 상태이며, 향후 변동성 확대 가능성 존재."
    },
    "모멘텀": {
      "MACD분석": "MACD 선이 시그널 선 위로 올라오고 있으나, 상승 폭이 크지 않아 모멘텀은 약함. MACD 히스토그램은 양전환 시도 중.",
      "RSI분석": "RSI 55로 중립 수준. 과매수/과매도 영역 진입은 아님. 가격과 지표 간 다이버전스는 관찰되지 않음."
    }
  },
  "단기투자아이디어": {
    "추세요약": "단기적으로는 상승 움직임을 보이지만, 뚜렷한 상승 추세는 아직 확인되지 않음.",
    "매매시그널": "64,000원 지지 돌파 후 거래량 증가 확인 시 매수 고려. 62,000원 이하 하락 시 매도 고려."
  }
}