{
  "종목정보": {
    "종목명": "유진기업",
    "종목번호": "023410",
    "분석일시": "2025-08-06 18:01:19",
    "차트유형": "일봉"
  },
  "종합분석점수": {
    "점수": 85,
    "요약": "단기 상승 모멘텀 유지, 긍정적이나 과매수 구간 진입에 유의해야 함"
  },
  "오늘의일봉": {
    "종가": "3525",
    "등락률": "0.86%",
    "거래량": "135140",
    "주요특징": "약한 상승 마감. 거래량은 최근 평균 수준. 특별한 가격대 돌파는 없었음."
  },
  "핵심기술적지표": {
    "이동평균선정배열": "예",
    "골든데드크로스": "아니오",
    "MACD상태": "10 vs 5",
    "RSI상태": "70",
    "볼린저밴드": "밴드 상단부 근접, 밴드 폭 확대"
  },
  "세부분석": {
    "가격및거래량": {
      "거래량비교": "최근 5일 평균 거래량 170,000주 대비 79.5% 수준",
      "주요가격대": "3500원 부근에서 지지선 역할, 3600원 부근 저항 확인 필요"
    },
    "이동평균선": {
      "현재가위치": "5일선, 20일선, 60일선 모두 상회",
      "밀집도": "확산 상태"
    },
    "모멘텀": {
      "MACD분석": "MACD선이 시그널선을 상회하며 상승 모멘텀 유지. 양전환 상태 지속",
      "RSI분석": "RSI 70으로 과매수 구간 진입. 가격 상승에도 RSI 상승폭이 제한적(다이버전스 가능성)"
    }
  },
  "단기투자아이디어": {
    "추세요약": "단기적으로는 상승 추세를 유지하고 있으나, RSI 과매수 진입으로 조정 가능성 존재",
    "매매시그널": "3500원 지지선 이탈 시 단기적인 매도 시그널. 3600원 돌파 시 추가 상승 가능성.  RSI 과매수 구간 진입으로 신규 매수는 신중하게 접근해야 함.  익절 또는 손절매 계획 수립 필수."
  }
}