[
  {
    "stock_name": "SK하이닉스",
    "stock_code": "000660",
    "chart_type": "주봉",
    "analysis_score": 75,
    "summary": "중기 상승 추세 유지 가능성 높으나, 박스권 상단 돌파 여부가 관건",
    "detailed_analysis": "000660 종목의 주봉 차트 분석이 성공적으로 완료되었습니다.",
    "timestamp": "2025-08-07T16:58:05.371375",
    "ai_analysis_file": "analysis_weekly_000660_20250807_165805.json",
    "ai_analysis_data": {
      "종목정보": {
        "종목명": "SK하이닉스",
        "종목번호": "000660",
        "분석일시": "2025-08-07 16:58:05",
        "차트유형": "주봉"
      },
      "종합분석점수": {
        "점수": 75,
        "요약": "중기 상승 추세 유지 가능성 높으나, 박스권 상단 돌파 여부가 관건"
      },
      "이번주봉": {
        "종가": "262000",
        "등락률": "0.00%",
        "거래량": "6391249",
        "주요특징": "지난주 262,000원으로 마감. 250,000원 부근에서 지지받으며 소폭 상승 후 보합세를 유지. 거래량은 감소세를 보이며 주가의 움직임이 제한적인 모습."
      },
      "핵심기술적지표": {
        "이동평균선정배열": "아니오",
        "골든데드크로스": "아니오",
        "Stochastic상태": "%K: 30, %D: 35",
        "볼린저밴드": "밴드 폭 축소"
      },
      "세부분석": {
        "가격및거래량": {
          "거래량비교": "최근 4주 평균 거래량 대비 30% 수준으로 감소.  매수세 약화 가능성을 시사.",
          "박스권분석": "250,000원에서 270,000원 사이의 박스권에서 움직임. 현재 박스권 하단에 위치하며, 상단 돌파 여부가 중요한 매수 시그널이 될 것."
        },
        "이동평균선": {
          "현재가위치": "현재 주가(262,000원)는 5주선(260,000원) 위, 20주선(265,000원) 아래, 60주선(275,000원) 아래에 위치.",
          "20주선역할": "20주선은 단기적으로 저항선 역할을 할 가능성이 높음. 상향 돌파 시 추가 상승을 기대할 수 있음."
        },
        "모멘텀": {
          "Stochastic분석": "Stochastic %K와 %D는 모두 과매도 영역에 진입하지 않았으며, %K가 %D를 하향 이탈하지 않아 모멘텀은 약하지만, 매수세 완전히 소멸된 것은 아님.",
          "볼린저밴드분석": "볼린저밴드 폭이 축소되고 있어 단기 변동성 축소 및 추세 전환 가능성을 시사.  박스권 탈출 후 방향성 확인이 필요."
        }
      },
      "중기투자아이디어": {
        "추세요약": "SK하이닉스는 250,000원대 지지선을 확인하며 중기 상승 추세를 유지할 가능성이 있으나, 박스권 상단 돌파 실패 시 하락 가능성도 존재.",
        "매매시그널": "270,000원 박스권 상단 돌파 시 매수 시그널로 작용할 가능성이 높음.  250,000원 지지선 이탈 시 매도 또는 손절매 고려 필요."
      }
    },
    "batch_id": "batch_1754553467",
    "processed_at": "2025-08-07T16:58:05.371674"
  },
  {
    "stock_name": "폴라리스세원",
    "stock_code": "234100",
    "chart_type": "주봉",
    "analysis_score": 65,
    "summary": "중장기 하락 추세 지속, 단기 반등 가능성 존재, 매수 시점 판단은 신중해야 함",
    "detailed_analysis": "234100 종목의 주봉 차트 분석이 성공적으로 완료되었습니다.",
    "timestamp": "2025-08-07T16:58:19.082726",
    "ai_analysis_file": "analysis_weekly_234100_20250807_165818.json",
    "ai_analysis_data": {
      "종목정보": {
        "종목명": "폴라리스세원",
        "종목번호": "234100",
        "분석일시": "2025-08-07 16:58:18",
        "차트유형": "주봉"
      },
      "종합분석점수": {
        "점수": 65,
        "요약": "중장기 하락 추세 지속, 단기 반등 가능성 존재, 매수 시점 판단은 신중해야 함"
      },
      "이번주봉": {
        "종가": "1362",
        "등락률": "5.58",
        "거래량": "1529022",
        "주요특징": "지난주 1290원 종가 대비 상승 마감. 거래량은 감소. 1300원대 저항선을 돌파하는 모습을 보였으나, 추세 전환을 확인하기에는 부족."
      },
      "핵심기술적지표": {
        "이동평균선정배열": "아니오",
        "골든데드크로스": "아니오",
        "Stochastic상태": "%K: 35, %D: 30 (과매도 구간 아님)",
        "볼린저밴드": "밴드 폭은 다소 좁아지는 추세 (단기 변동성 축소 가능성)"
      },
      "세부분석": {
        "가격및거래량": {
          "거래량비교": "최근 4주 평균 거래량 대비 15% 수준으로 현저히 감소",
          "박스권분석": "장기적으로는 1000원대 중반~2000원대 초반의 하락 추세 지속. 최근 4주간 1200원대 중반~1400원대 초반의 박스권에서 움직임.  1300원대 저항선 돌파 시도는 있었으나, 상승 모멘텀이 약함."
        },
        "이동평균선": {
          "현재가위치": "현재 주가(1362)는 5주선(1300), 20주선(1500), 60주선(2000) 아래에 위치",
          "20주선역할": "20주선은 현재 강력한 저항선으로 작용할 가능성이 높음."
        },
        "모멘텀": {
          "Stochastic분석": "Stochastic %K와 %D는 35, 30으로, 과매도 구간은 아니지만 모멘텀은 약함.  추세 전환에 대한 명확한 신호는 없음.",
          "볼린저밴드분석": "볼린저밴드 폭이 좁아지는 것은 단기 변동성 축소 가능성을 시사하지만, 추세 반전을 보장하지는 않음."
        }
      },
      "중기투자아이디어": {
        "추세요약": "폴라리스세원은 중장기적으로 하락 추세를 보이고 있으며, 단기적으로 1300원대 저항선을 돌파했지만 추세 전환을 확인하기에는 부족한 상황.",
        "매매시그널": "현재 시점에서는 매수보다는 신중한 관망 전략이 바람직하며, 20주선(약 1500원) 돌파 여부와 거래량 증가를 확인 후 매수를 고려할 수 있음. 1200원대 하단 지지선 이탈 시 추가적인 하락 가능성을 고려해야 함."
      }
    },
    "batch_id": "batch_1754553467",
    "processed_at": "2025-08-07T16:58:19.082994"
  },
  {
    "stock_name": "다날",
    "stock_code": "064260",
    "chart_type": "주봉",
    "analysis_score": 75,
    "summary": "중기 상승 추세 유지, 8,000원대 지지선 확인 후 상승 모멘텀 재확인 필요",
    "detailed_analysis": "064260 종목의 주봉 차트 분석이 성공적으로 완료되었습니다.",
    "timestamp": "2025-08-07T16:58:31.882146",
    "ai_analysis_file": "analysis_weekly_064260_20250807_165831.json",
    "ai_analysis_data": {
      "종목정보": {
        "종목명": "다날",
        "종목번호": "064260",
        "분석일시": "2025-08-07 16:58:31",
        "차트유형": "주봉"
      },
      "종합분석점수": {
        "점수": 75,
        "요약": "중기 상승 추세 유지, 8,000원대 지지선 확인 후 상승 모멘텀 재확인 필요"
      },
      "이번주봉": {
        "종가": "8140",
        "등락률": "0.49%",
        "거래량": "7415587",
        "주요특징": "8,000원대 지지선을 확인하며 소폭 상승. 거래량 감소는 상승 모멘텀 약화 가능성 시사."
      },
      "핵심기술적지표": {
        "이동평균선정배열": "아니오",
        "골든데드크로스": "아니오",
        "Stochastic상태": " %K: 55, %D: 45 (과매수/과매도 구간 아님)",
        "볼린저밴드": "밴드 폭 축소 후 확대되는 추세. 변동성 확대 가능성."
      },
      "세부분석": {
        "가격및거래량": {
          "거래량비교": "최근 4주 평균 거래량 대비 약 10% 수준으로 감소",
          "박스권분석": "8,000원대에서 9,000원대 박스권 형성 후 하단부에서 지지받는 모습.  상단 돌파 여부가 관건."
        },
        "이동평균선": {
          "현재가위치": "주가(8140)는 5주선(8200) 아래, 20주선(8500) 아래, 60주선(9000) 아래에 위치",
          "20주선역할": "단기적으로는 저항선 역할, 중장기적으로는 지지선으로 전환될 가능성 존재."
        },
        "모멘텀": {
          "Stochastic분석": "%K와 %D는 골든크로스 직전이며, 모멘텀은 약하지만 상승 가능성을 암시.",
          "볼린저밴드분석": "볼린저밴드 폭 축소 후 확대되는 추세는 변동성 확대 가능성을 시사. 상승 또는 하락 폭이 커질 수 있음."
        }
      },
      "중기투자아이디어": {
        "추세요약": "8,000원대 지지선을 확인했으나, 상승 모멘텀이 약화되고 있어 중기적 상승 추세는 유지되나 불확실성이 존재.",
        "매매시그널": "8,000원대 지지선 지지 확인 후 20주선 돌파 시 매수 시그널 고려.  20주선 이탈 시 손절매 고려.  거래량 증가 없이는 강한 상승세 기대 어려움."
      }
    },
    "batch_id": "batch_1754553467",
    "processed_at": "2025-08-07T16:58:31.883719"
  },
  {
    "stock_name": "뱅크웨어글로벌",
    "stock_code": "199480",
    "chart_type": "주봉",
    "analysis_score": 75,
    "summary": "중기 하락 추세 지속 중이나 저가 매수 기회 존재",
    "detailed_analysis": "199480 종목의 주봉 차트 분석이 성공적으로 완료되었습니다.",
    "timestamp": "2025-08-07T16:58:48.257330",
    "ai_analysis_file": "analysis_weekly_199480_20250807_165848.json",
    "ai_analysis_data": {
      "종목정보": {
        "종목명": "뱅크웨어글로벌",
        "종목번호": "199480",
        "분석일시": "2025-08-07 16:58:48",
        "차트유형": "주봉"
      },
      "종합분석점수": {
        "점수": 75,
        "요약": "중기 하락 추세 지속 중이나 저가 매수 기회 존재"
      },
      "이번주봉": {
        "종가": "6970",
        "등락률": "0.00%",
        "거래량": "440209",
        "주요특징": "지난주와 동일한 종가를 기록하며 거래량이 매우 감소했습니다. 60주선 부근에서 지지부진한 흐름을 보이고 있습니다. 뚜렷한 박스권 돌파 시도는 없었습니다."
      },
      "핵심기술적지표": {
        "이동평균선정배열": "아니오",
        "골든데드크로스": "아니오",
        "Stochastic상태": "%K: 25, %D: 20",
        "볼린저밴드": "밴드 폭이 다소 좁아지는 추세"
      },
      "세부분석": {
        "가격및거래량": {
          "거래량비교": "최근 4주 평균 거래량 대비 10% 미만 수준의 매우 저조한 거래량을 보임",
          "박스권분석": "장기간 하락 추세를 보이며, 최근 몇 주 동안 6,800원 ~ 7,300원 사이의 좁은 박스권을 형성하고 있으나, 뚜렷한 상승 돌파 시도는 없음"
        },
        "이동평균선": {
          "현재가위치": "현재 주가(6970)는 5주선(7000) 아래, 20주선(7500) 아래, 60주선(8000) 아래에 위치",
          "20주선역할": "20주선은 현재 강력한 저항선으로 작용하고 있음"
        },
        "모멘텀": {
          "Stochastic분석": "Stochastic %K, %D 모두 과매도 영역에 진입하지 않았으나, 모멘텀은 다소 약한 상태임",
          "볼린저밴드분석": "볼린저밴드 폭이 좁아지고 있는 것은 향후 변동성 확대 가능성을 시사함. 이는 상승 또는 하락 방향으로의 급격한 변동을 의미할 수 있음"
        }
      },
      "중기투자아이디어": {
        "추세요약": "뱅크웨어글로벌은 중장기적으로 약세를 보이고 있으나, 현재 가격대는 저가 매수를 고려해 볼만한 구간임",
        "매매시그널": "6,800원 부근까지 하락 시 저가 매수를 고려해 볼 수 있음.  단, 20주선(7,500원)을 상향 돌파하지 못하면 추가 하락 가능성을 고려해야 함. 7,300원을 상회하는 강한 상승 움직임이 나타나지 않으면 매도를 고려해야 함"
      }
    },
    "batch_id": "batch_1754553467",
    "processed_at": "2025-08-07T16:58:48.257730"
  },
  {
    "stock_name": "신한지주",
    "stock_code": "055550",
    "chart_type": "주봉",
    "analysis_score": 75,
    "summary": "중기 상승 추세 유지, 박스권 상단 돌파 시도 후 조정 국면",
    "detailed_analysis": "055550 종목의 주봉 차트 분석이 성공적으로 완료되었습니다.",
    "timestamp": "2025-08-07T16:59:03.535354",
    "ai_analysis_file": "analysis_weekly_055550_20250807_165903.json",
    "ai_analysis_data": {
      "종목정보": {
        "종목명": "신한지주",
        "종목번호": "055550",
        "분석일시": "2025-08-07 16:59:03",
        "차트유형": "주봉"
      },
      "종합분석점수": {
        "점수": 75,
        "요약": "중기 상승 추세 유지, 박스권 상단 돌파 시도 후 조정 국면"
      },
      "이번주봉": {
        "종가": "69200",
        "등락률": "0.00",
        "거래량": "3153082",
        "주요특징": "이번 주는 전주 대비 보합세를 유지하며 69,200원에 마감. 거래량은 감소하였으며, 6만원 후반대의 박스권 상단부근에서 움직임을 보였다. 상승 모멘텀 약화 가능성을 시사한다."
      },
      "핵심기술적지표": {
        "이동평균선정배열": "예",
        "골든데드크로스": "아니오",
        "Stochastic상태": " %K: 70, %D: 65 (과매수 영역에 진입하지 않음)",
        "볼린저밴드": "밴드 폭이 다소 좁아지는 추세 (변동성 축소 가능성)"
      },
      "세부분석": {
        "가격및거래량": {
          "거래량비교": "최근 4주 평균 거래량 대비 30% 수준으로 감소",
          "박스권분석": "최근 4주간 6만원 후반대에서 7만원 초반대 박스권을 형성. 이번 주는 박스권 상단을 터치했으나, 돌파하지 못하고 소폭 조정을 받는 모습을 보였다."
        },
        "이동평균선": {
          "현재가위치": "현재가(69200)는 5주선(68000), 20주선(66500), 60주선(65000) 모두 상회하며 정배열을 유지",
          "20주선역할": "20주선은 강력한 지지선 역할을 수행하며, 하락 시 매수 기회를 제공할 가능성이 높음."
        },
        "모멘텀": {
          "Stochastic분석": "Stochastic %K와 %D는 모두 80 아래에 위치하며 과매수 상태는 아니나, %K선이 %D선과의 갭을 줄여 모멘텀 약화를 시사",
          "볼린저밴드분석": "볼린저밴드 폭이 좁아지고 있는 추세는 단기적인 변동성 축소 가능성을 시사하나, 추세 전환으로 이어질지는 추가 관찰 필요."
        }
      },
      "중기투자아이디어": {
        "추세요약": "신한지주는 중장기적으로 상승 추세를 유지하고 있으나, 단기적으로는 박스권 상단 부근에서 조정을 받을 가능성이 존재한다.",
        "매매시그널": "현재 가격은 매수 관망권이나 20주선 지지 여부에 따라 매수 시그널을 고려할 수 있다.  20주선 이탈 시 추가 하락 가능성을 고려하여 손절매 계획을 수립해야 한다.  박스권 상단 돌파시 추가 상승 가능성을 고려할 수 있다."
      }
    },
    "batch_id": "batch_1754553467",
    "processed_at": "2025-08-07T16:59:03.535729"
  }
]