[
  {
    "stock_name": "와이지-원",
    "stock_code": "019210",
    "chart_type": "일봉",
    "analysis_score": 85,
    "summary": "단기 상승 추세 유지, 매수 시그널 존재, 거래량 감소는 주의 필요",
    "detailed_analysis": "019210 종목의 일봉 차트 분석이 성공적으로 완료되었습니다.",
    "timestamp": "2025-08-11T15:36:23.774138",
    "ai_analysis_file": "analysis_daily_019210_20250811_153623.json",
    "ai_analysis_data": {
      "종목정보": {
        "종목명": "와이지-원",
        "종목번호": "019210",
        "분석일시": "2025-08-11 15:36:23",
        "차트유형": "일봉"
      },
      "종합분석점수": {
        "점수": 85,
        "요약": "단기 상승 추세 유지, 매수 시그널 존재, 거래량 감소는 주의 필요"
      },
      "오늘의일봉": {
        "종가": "5740",
        "등락률": "-0.86%",
        "거래량": "30538",
        "주요특징": "소폭 하락 마감. 5700선 지지 확인. 거래량 감소."
      },
      "핵심기술적지표": {
        "이동평균선정배열": "예",
        "골든데드크로스": "아니오",
        "MACD상태": "20 vs 15",
        "RSI상태": "55",
        "볼린저밴드": "밴드 폭 축소 후 확대 국면 진입"
      },
      "세부분석": {
        "가격및거래량": {
          "거래량비교": "최근 5일 평균 거래량(47,783) 대비 36% 수준으로 감소. 5700선 지지 확인 후 소폭 하락",
          "주요가격대": "5700선은 강력한 지지선 역할. 5800선 돌파 실패 후 조정 가능성 존재."
        },
        "이동평균선": {
          "현재가위치": "5일선(5700) 위, 20일선(5650) 위, 60일선(5400) 위",
          "밀집도": "이동평균선들이 다소 밀집되어 있으나, 5일선과 20일선 간격 유지"
        },
        "모멘텀": {
          "MACD분석": "MACD선이 시그널선 위에 위치하며 양수를 유지. 모멘텀은 약화되었으나 여전히 상승 추세 유지",
          "RSI분석": "RSI 55, 과매수/과매도 구간 아님. 가격과 지표 간 다이버전스 없음."
        }
      },
      "단기투자아이디어": {
        "추세요약": "단기적으로는 상승 추세를 유지하고 있으나, 거래량 감소와 5800선 돌파 실패는 단기 조정 가능성을 시사한다.",
        "매매시그널": "5700선 지지 확인 시 추가 매수 고려. 5800선 돌파 실패 시 단기 이익 실현 고려. 5600선 이탈 시 매도 고려."
      }
    },
    "batch_id": "batch_1754894161",
    "processed_at": "2025-08-11T15:36:23.774449"
  }
]