[
  {
    "stock_name": "YG-1",
    "stock_code": "019210",
    "chart_type": "주봉",
    "analysis_score": 75,
    "summary": "중기 상승 추세 유지, 박스권 상단 돌파 시도 후 조정 국면",
    "detailed_analysis": "019210 종목의 주봉 차트 분석이 성공적으로 완료되었습니다.",
    "timestamp": "2025-08-07T11:17:10.883214",
    "ai_analysis_file": "analysis_weekly_019210_20250807_111710.json",
    "ai_analysis_data": {
      "종목정보": {
        "종목명": "YG-1",
        "종목번호": "019210",
        "분석일시": "2025-08-07 11:17:10",
        "차트유형": "주봉"
      },
      "종합분석점수": {
        "점수": 75,
        "요약": "중기 상승 추세 유지, 박스권 상단 돌파 시도 후 조정 국면"
      },
      "이번주봉": {
        "종가": "5760",
        "등락률": "-0.17",
        "거래량": "75124",
        "주요특징": "상승 추세 이후 소폭 하락, 거래량 감소. 5700원 부근 지지 확인 후 재반등 시도"
      },
      "핵심기술적지표": {
        "이동평균선정배열": "예",
        "골든데드크로스": "아니오",
        "Stochastic상태": " %K: 35, %D: 40 (과매도 구간 아님)",
        "볼린저밴드": "밴드 폭 축소 후 확대되는 추세"
      },
      "세부분석": {
        "가격및거래량": {
          "거래량비교": "최근 4주 평균 거래량 대비 25% 수준으로 감소",
          "박스권분석": "5700원~6000원 박스권 상단 돌파 시도 후 소폭 조정. 박스권 지지 확인"
        },
        "이동평균선": {
          "현재가위치": "주가는 5주선(5750) 상회, 20주선(5800) 근접, 60주선(5900) 하회",
          "20주선역할": "중기적인 지지선 역할"
        },
        "모멘텀": {
          "Stochastic분석": "Stochastic %K와 %D 모두 낮은 수준이지만, 과매도권 진입은 아니며, 상승 모멘텀 약화",
          "볼린저밴드분석": "볼린저밴드 폭이 축소되었다가 다시 확대되는 양상은 변동성 확대 가능성을 시사"
        }
      },
      "중기투자아이디어": {
        "추세요약": "YG-1은 중장기적으로 상승 추세를 유지하고 있으나, 단기적으로는 박스권 상단 돌파 후 조정 국면에 진입한 것으로 보임. 5700원 부근 지지선을 확인 후 재반등 여부가 관건.",
        "매매시그널": "5700원 부근 지지선 지지 확인 시 추가 매수 고려. 6000원 돌파 시 추가 상승 가능성 높음. 20주선 이탈 시 매도 고려"
      }
    },
    "batch_id": "batch_1754533019",
    "processed_at": "2025-08-07T11:17:10.883939"
  },
  {
    "stock_name": "유진기업",
    "stock_code": "023410",
    "chart_type": "주봉",
    "analysis_score": 75,
    "summary": "중기 상승 추세 유지 가능성 높으나, 저항선 돌파 여부가 관건",
    "detailed_analysis": "023410 종목의 주봉 차트 분석이 성공적으로 완료되었습니다.",
    "timestamp": "2025-08-07T11:17:22.449494",
    "ai_analysis_file": "analysis_weekly_023410_20250807_111722.json",
    "ai_analysis_data": {
      "종목정보": {
        "종목명": "유진기업",
        "종목번호": "023410",
        "분석일시": "2025-08-07 11:17:22",
        "차트유형": "주봉"
      },
      "종합분석점수": {
        "점수": 75,
        "요약": "중기 상승 추세 유지 가능성 높으나, 저항선 돌파 여부가 관건"
      },
      "이번주봉": {
        "종가": "3535",
        "등락률": "-0.14%",
        "거래량": "206445",
        "주요특징": "약보합세 마감. 3500원대 중반에서 등락하며 뚜렷한 방향성 없이 횡보. 거래량 감소."
      },
      "핵심기술적지표": {
        "이동평균선정배열": "아니오",
        "골든데드크로스": "아니오",
        "Stochastic상태": " %K: 25, %D: 30 (과매도 구간 아님)",
        "볼린저밴드": "밴드 폭 축소"
      },
      "세부분석": {
        "가격및거래량": {
          "거래량비교": "최근 4주 평균 거래량 대비 10% 미만 수준으로 거래량 감소",
          "박스권분석": "3400원~3800원 사이 박스권 횡보 지속. 상단 저항선 돌파 시도는 실패."
        },
        "이동평균선": {
          "현재가위치": "현재 주가(3535)는 5주선(3500) 위, 20주선(3550) 아래, 60주선(3700) 아래에 위치.",
          "20주선역할": "20주선은 단기적인 지지선 역할을 하고 있으나, 추세 전환의 명확한 신호는 아님."
        },
        "모멘텀": {
          "Stochastic분석": "Stochastic %K와 %D는 모두 낮은 수준이지만 과매도권 진입은 아니며, 모멘텀은 약함.",
          "볼린저밴드분석": "볼린저밴드 폭 축소는 변동성 축소 가능성을 시사하며, 단기적인 움직임 제한 가능성을 의미함."
        }
      },
      "중기투자아이디어": {
        "추세요약": "유진기업은 3400원~3800원 박스권 횡보를 지속하고 있으며, 중장기 상승 추세는 유지하고 있지만, 단기 모멘텀은 약하며, 거래량 감소는 우려스러운 부분임.",
        "매매시그널": "3800원 부근 저항선 돌파 시 매수 시그널 발생 가능성이 있으며, 3400원 부근 지지선 이탈 시 매도 시그널 발생 가능성이 있음.  현재는 관망하며 추가적인 시그널을 기다리는 것이 바람직함."
      }
    },
    "batch_id": "batch_1754533019",
    "processed_at": "2025-08-07T11:17:22.449780"
  },
  {
    "stock_name": "덴티움",
    "stock_code": "145720",
    "chart_type": "주봉",
    "analysis_score": 75,
    "summary": "중기 상승 추세 약화, 60주선 지지 여부가 관건",
    "detailed_analysis": "145720 종목의 주봉 차트 분석이 성공적으로 완료되었습니다.",
    "timestamp": "2025-08-07T11:17:33.553701",
    "ai_analysis_file": "analysis_weekly_145720_20250807_111733.json",
    "ai_analysis_data": {
      "종목정보": {
        "종목명": "덴티움",
        "종목번호": "145720",
        "분석일시": "2025-08-07 11:17:33",
        "차트유형": "주봉"
      },
      "종합분석점수": {
        "점수": 75,
        "요약": "중기 상승 추세 약화, 60주선 지지 여부가 관건"
      },
      "이번주봉": {
        "종가": "63400",
        "등락률": "-0.31%",
        "거래량": "52123",
        "주요특징": "지난주 소폭 하락, 6만원대 중반 지지선 부근에서 거래량 감소세 보임. 60주선에 대한 지지 여부 확인 필요."
      },
      "핵심기술적지표": {
        "이동평균선정배열": "아니오",
        "골든데드크로스": "아니오",
        "Stochastic상태": "%K: 40, %D: 45 (과매수/과매도 아님)",
        "볼린저밴드": "밴드 폭 축소"
      },
      "세부분석": {
        "가격및거래량": {
          "거래량비교": "최근 4주 평균 거래량 대비 25% 수준으로 감소",
          "박스권분석": "최근 4주간 6만원대 중반에서 7만원대 초반의 박스권 움직임을 보이다 하단부 근처에서 거래되고 있음. 박스권 하단 돌파 가능성 존재."
        },
        "이동평균선": {
          "현재가위치": "현재가(63400원)는 5주선(63500원) 아래, 20주선(65000원) 아래, 60주선(68000원) 아래에 위치함.",
          "20주선역할": "단기적으로는 저항선 역할을 할 가능성이 높음. 60주선은 강력한 지지선 역할을 할 수 있음."
        },
        "모멘텀": {
          "Stochastic분석": "Stochastic %K와 %D는 40% 부근으로 약한 상승 모멘텀을 유지하고 있으나, 추가적인 상승 모멘텀은 부족함.",
          "볼린저밴드분석": "볼린저밴드 폭이 축소되고 있어, 단기적으로는 변동성 축소 후 방향성이 결정될 가능성이 높음."
        }
      },
      "중기투자아이디어": {
        "추세요약": "단기적으로는 약세지만, 60주선 지지 여부에 따라 중장기적인 상승 여력이 존재하는 종목.",
        "매매시그널": "60주선 지지 실패 시 추가적인 하락 가능성 존재. 60주선을 지지하고 반등 시 매수 신호, 6만원대 초반 지지선 이탈 시 추가 하락을 대비하여 매도 고려."
      }
    },
    "batch_id": "batch_1754533019",
    "processed_at": "2025-08-07T11:17:33.554076"
  },
  {
    "stock_name": "삼성전자",
    "stock_code": "005930",
    "chart_type": "주봉",
    "analysis_score": 75,
    "summary": "중기 상승 추세 유지 중이나, 과매수 구간 진입 및 거래량 감소로 단기 조정 가능성 존재",
    "detailed_analysis": "005930 종목의 주봉 차트 분석이 성공적으로 완료되었습니다.",
    "timestamp": "2025-08-07T11:17:45.205602",
    "ai_analysis_file": "analysis_weekly_005930_20250807_111745.json",
    "ai_analysis_data": {
      "종목정보": {
        "종목명": "삼성전자",
        "종목번호": "005930",
        "분석일시": "2025-08-07 11:17:45",
        "차트유형": "주봉"
      },
      "종합분석점수": {
        "점수": 75,
        "요약": "중기 상승 추세 유지 중이나, 과매수 구간 진입 및 거래량 감소로 단기 조정 가능성 존재"
      },
      "이번주봉": {
        "종가": "70250",
        "등락률": "-0.07",
        "거래량": "35128538",
        "주요특징": "상승 추세 이후 소폭 하락, 20주선 지지 확인, 거래량 감소"
      },
      "핵심기술적지표": {
        "이동평균선정배열": "예",
        "골든데드크로스": "아니오",
        "Stochastic상태": " %K: 80, %D: 75 (과매수 구간 근접)",
        "볼린저밴드": "밴드 폭 축소"
      },
      "세부분석": {
        "가격및거래량": {
          "거래량비교": "최근 4주 평균 거래량 대비 약 50% 수준으로 감소",
          "박스권분석": "60,000원에서 70,000원 사이 박스권 상단 돌파 시도 후 소폭 조정"
        },
        "이동평균선": {
          "현재가위치": "현재가는 5주선, 20주선, 60주선 모두 위에 위치",
          "20주선역할": "강력한 지지선 역할"
        },
        "모멘텀": {
          "Stochastic분석": "Stochastic %K와 %D는 과매수권 진입 직전이며, 모멘텀은 다소 약화되는 모습",
          "볼린저밴드분석": "볼린저밴드 폭 축소는 단기 조정 가능성을 시사"
        }
      },
      "중기투자아이디어": {
        "추세요약": "중기적으로는 상승 추세를 유지할 가능성이 높으나, 단기적으로는 과매수 및 거래량 감소로 인한 조정 가능성이 존재",
        "매매시그널": "70,000원 부근 지지 여부 확인 후, 지지선 돌파시 매수 신호 고려. 65,000원 이하 하락시 매도 고려 (손절매)"
      }
    },
    "batch_id": "batch_1754533019",
    "processed_at": "2025-08-07T11:17:45.206081"
  },
  {
    "stock_name": "금강철강",
    "stock_code": "014280",
    "chart_type": "주봉",
    "analysis_score": 70,
    "summary": "중기적으로는 상승 추세를 유지하고 있으나, 최근 주가 하락과 거래량 감소로 인해 단기적인 조정 가능성 존재",
    "detailed_analysis": "014280 종목의 주봉 차트 분석이 성공적으로 완료되었습니다.",
    "timestamp": "2025-08-07T11:17:57.147688",
    "ai_analysis_file": "analysis_weekly_014280_20250807_111757.json",
    "ai_analysis_data": {
      "종목정보": {
        "종목명": "금강철강",
        "종목번호": "014280",
        "분석일시": "2025-08-07 11:17:57",
        "차트유형": "주봉"
      },
      "종합분석점수": {
        "점수": 70,
        "요약": "중기적으로는 상승 추세를 유지하고 있으나, 최근 주가 하락과 거래량 감소로 인해 단기적인 조정 가능성 존재"
      },
      "이번주봉": {
        "종가": "4430",
        "등락률": "-0.11%",
        "거래량": "102281",
        "주요특징": "이번 주는 4300원대 저점을 형성한 후 소폭 상승 마감. 거래량은 최근 몇 주에 비해 현저히 감소. 4500원 부근 저항선을 돌파하지 못하고 횡보하는 모습을 보임."
      },
      "핵심기술적지표": {
        "이동평균선정배열": "아니오",
        "골든데드크로스": "아니오",
        "Stochastic상태": " %K: 30, %D: 35 (과매도 구간 근접)",
        "볼린저밴드": "밴드 폭이 좁아짐"
      },
      "세부분석": {
        "가격및거래량": {
          "거래량비교": "최근 4주 평균 거래량 대비 30% 수준으로 감소",
          "박스권분석": "4300원에서 4800원 사이의 박스권에서 벗어나지 못하고 있음. 최근 주가 하락은 4300원대 지지선에서 지지받고 있으나, 거래량이 감소하면서 추세 전환 신호로 보기엔 미흡함."
        },
        "이동평균선": {
          "현재가위치": "현재 주가는 5주선, 20주선 아래에 위치하고 있으나, 60주선은 상회하고 있음.",
          "20주선역할": "20주선은 단기적으로 저항선 역할을 하고 있으며, 이를 상향 돌파해야 중기 상승 추세가 지속될 가능성이 높음"
        },
        "모멘텀": {
          "Stochastic분석": "Stochastic %K와 %D는 모두 낮은 수치를 기록하여 모멘텀이 약함을 나타냄. 과매도권에 근접하였으나 아직 진입하지 않음.",
          "볼린저밴드분석": "볼린저밴드 폭이 좁아지고 있어 향후 변동성 확대 가능성이 높음. 주가가 밴드 상단을 돌파할 경우 상승세가 강화될 수 있으나, 하단을 이탈할 경우 추가 하락 가능성이 높음"
        }
      },
      "중기투자아이디어": {
        "추세요약": "금강철강은 중장기적으로 상승 추세를 유지하고 있으나, 최근 주가 하락과 거래량 감소로 단기 조정 가능성이 높은 상황임. 4300원대 지지선을 유지할 경우 중장기 상승 가능성을 기대해 볼 수 있으나, 지지선 이탈시 추가 하락 가능성이 존재하므로 신중한 접근이 필요함.",
        "매매시그널": "4300원대 지지선을 확인하고 20주선을 상향 돌파하는 모습을 확인 후 매수를 고려.  4300원선 이탈 시 손절매 고려.  단기적인 관점에서 접근해야 하며, 중장기적 관점은 유지"
      }
    },
    "batch_id": "batch_1754533019",
    "processed_at": "2025-08-07T11:17:57.147992"
  }
]