{
  "종목정보": {
    "종목명": "와이지-원",
    "종목번호": "019210",
    "분석일시": "2025-08-12 14:33:15",
    "차트유형": "주봉"
  },
  "이번주봉": {
    "종가": "5700",
    "등락률": "0.00%",
    "거래량": "40638",
    "주요특징": "이번 주는 5700원으로 전주 대비 변동이 없었으며, 거래량이 매우 감소했습니다.  5700원 부근에서 지지와 저항을 받고 있는 모습이며, 뚜렷한 방향성을 보이지 않고 있습니다."
  },
  "핵심기술적지표": {
    "이동평균선정배열": "아니오",
    "골든데드크로스": "아니오",
    "Stochastic상태": "%K: 20 이하, %D: 20 이하. Stochastic Slow 지표는 과매도 영역에 진입했으며, %K와 %D선은 모두 20 이하로 매수 신호를 보일 수 있지만, 거래량이 매우 감소한 상태이므로 신중한 접근이 필요합니다. 모멘텀은 매우 약합니다.",
    "볼린저밴드": "볼린저밴드 폭은 상대적으로 좁아지는 추세이며, 이는 주가의 변동성이 축소될 가능성을 시사합니다. 현재 주가는 볼린저밴드 중간값 부근에 위치하고 있습니다."
  },
  "세부분석": {
    "가격및거래량": {
      "거래량비교": "최근 4주 평균 거래량을 산출할 수 있는 데이터가 부족합니다. 제공된 10주 데이터 기준으로 이번 주 거래량은 평균 거래량보다 훨씬 적습니다.(약 25% 수준)",
      "박스권분석": "와이지-원은 최근 몇 주 동안 5600원에서 5800원 사이의 박스권에서 움직였으나, 최근 주가는 박스권 상단에 위치하고 있습니다.  뚜렷한 박스권 이탈은 아직 관찰되지 않습니다."
    },
    "이동평균선": {
      "현재가위치": "현재 주가(5700원)는 5주선(5700원 근처 추정), 20주선(5750원 근처 추정), 60주선(5800원 근처 추정) 아래에 위치하고 있습니다.",
      "20주선역할": "20주선은 현재 주가에 대한 저항선 역할을 하고 있습니다. 20주선을 상향 돌파하는 모습을 보여야 중기적인 상승 추세를 기대할 수 있습니다."
    },
    "모멘텀": {
      "Stochastic분석": "Stochastic %K, %D 선 모두 과매도 영역에 있으며,  %K와 %D의 골든 크로스는 아직 발생하지 않았습니다. 현재 모멘텀은 매우 약합니다.",
      "볼린저밴드분석": "볼린저밴드 폭이 좁아지는 것은 변동성 축소를 의미하며,  향후 주가의 큰 움직임은 제한적일 가능성이 높습니다."
    }
  },
  "중기투자아이디어": {
    "추세요약": "와이지-원은 단기적으로는 박스권 횡보를 유지하고 있으며, 중기적인 추세는 불확실합니다. 거래량 감소와 20주선 저항을 고려할 때, 단기적인 반등 가능성은 있으나, 중장기적인 상승 추세 전환을 확인하기 전까지는 투자에 신중해야 합니다.",
    "매매시그널": "현재는 매수 시그널이 부족합니다. 20주선을 상향 돌파하고 거래량이 증가하는 모습을 확인한 후 매수를 고려할 수 있으며, 5600원 이하로 하락할 경우 추가적인 하락 가능성을 고려하여 손절매를 고려해야 합니다."
  }
}