[
  {
    "stock_name": "267270",
    "chart_type": "일봉",
    "analysis_score": 0,
    "summary": "분석 실패: 차트 생성 실패",
    "detailed_analysis": "종목 267270 분석 중 오류가 발생했습니다. 오류: 차트 생성 실패",
    "timestamp": "2025-08-06T14:42:52.806813",
    "batch_id": "batch_1754458972",
    "stock_code": "267270",
    "processed_at": "2025-08-06T14:42:52.806827"
  },
  {
    "stock_name": "443060",
    "chart_type": "일봉",
    "analysis_score": 0,
    "summary": "분석 실패: 차트 생성 실패",
    "detailed_analysis": "종목 443060 분석 중 오류가 발생했습니다. 오류: 차트 생성 실패",
    "timestamp": "2025-08-06T14:42:52.809083",
    "batch_id": "batch_1754458972",
    "stock_code": "443060",
    "processed_at": "2025-08-06T14:42:52.809098"
  },
  {
    "stock_name": "071970",
    "chart_type": "일봉",
    "analysis_score": 0,
    "summary": "분석 실패: 차트 생성 실패",
    "detailed_analysis": "종목 071970 분석 중 오류가 발생했습니다. 오류: 차트 생성 실패",
    "timestamp": "2025-08-06T14:42:52.809863",
    "batch_id": "batch_1754458972",
    "stock_code": "071970",
    "processed_at": "2025-08-06T14:42:52.809875"
  },
  {
    "stock_name": "010620",
    "chart_type": "일봉",
    "analysis_score": 0,
    "summary": "분석 실패: 차트 생성 실패",
    "detailed_analysis": "종목 010620 분석 중 오류가 발생했습니다. 오류: 차트 생성 실패",
    "timestamp": "2025-08-06T14:42:52.810349",
    "batch_id": "batch_1754458972",
    "stock_code": "010620",
    "processed_at": "2025-08-06T14:42:52.810362"
  },
  {
    "stock_name": "322000",
    "chart_type": "일봉",
    "analysis_score": 0,
    "summary": "분석 실패: 차트 생성 실패",
    "detailed_analysis": "종목 322000 분석 중 오류가 발생했습니다. 오류: 차트 생성 실패",
    "timestamp": "2025-08-06T14:42:52.811038",
    "batch_id": "batch_1754458972",
    "stock_code": "322000",
    "processed_at": "2025-08-06T14:42:52.811049"
  },
  {
    "stock_name": "042670",
    "chart_type": "일봉",
    "analysis_score": 0,
    "summary": "분석 실패: 차트 생성 실패",
    "detailed_analysis": "종목 042670 분석 중 오류가 발생했습니다. 오류: 차트 생성 실패",
    "timestamp": "2025-08-06T14:42:52.811768",
    "batch_id": "batch_1754458972",
    "stock_code": "042670",
    "processed_at": "2025-08-06T14:42:52.811781"
  },
  {
    "stock_name": "267260",
    "chart_type": "일봉",
    "analysis_score": 0,
    "summary": "분석 실패: 차트 생성 실패",
    "detailed_analysis": "종목 267260 분석 중 오류가 발생했습니다. 오류: 차트 생성 실패",
    "timestamp": "2025-08-06T14:42:52.812717",
    "batch_id": "batch_1754458972",
    "stock_code": "267260",
    "processed_at": "2025-08-06T14:42:52.812731"
  }
]