{
  "종목정보": {
    "종목명": "알 수 없음 (014280)",
    "종목번호": "014280",
    "분석일시": "2025-08-07 11:09:29",
    "차트유형": "주봉"
  },
  "종합분석점수": {
    "점수": 65,
    "요약": "중기적으로 약세지만, 저가 매수 기회를 노려볼 만한 상황"
  },
  "이번주봉": {
    "종가": "4425",
    "등락률": "-0.23%",
    "거래량": "101862",
    "주요특징": "지난주 급락 이후 소폭 반등. 거래량 감소하며 약세 흐름 지속"
  },
  "핵심기술적지표": {
    "이동평균선정배열": "아니오",
    "골든데드크로스": "아니오",
    "Stochastic상태": " %K: 25, %D: 30 (과매도 구간 진입)",
    "볼린저밴드": "밴드폭 축소 후, 최근 밴드 하단부 근접"
  },
  "세부분석": {
    "가격및거래량": {
      "거래량비교": "최근 4주 평균 거래량 대비 30% 이하 수준으로 거래량이 매우 감소",
      "박스권분석": "4000원대 중반에서 5000원대 초반 사이의 박스권에서 하단부 이탈"
    },
    "이동평균선": {
      "현재가위치": "현재 주가(4425)는 5주선(4500), 20주선(4600), 60주선(4800) 아래에 위치",
      "20주선역할": "20주선은 단기적인 저항선으로 작용"
    },
    "모멘텀": {
      "Stochastic분석": "Stochastic %K와 %D 모두 과매도 영역에 진입, 단기적인 반등 가능성 존재",
      "볼린저밴드분석": "볼린저밴드 폭이 좁아지고 있어 변동성 축소 후, 향후 변동성 확대 가능성 존재"
    }
  },
  "중기투자아이디어": {
    "추세요약": "중기적으로는 약세 추세를 보이고 있으나, 과매도 구간 진입과 볼린저밴드 하단부 근접으로 저가 매수 기회를 노려볼 수 있는 상황",
    "매매시그널": "4000원대 초반까지 지지 여부 확인 후, 4200원 부근에서 분할 매수 시그널을 고려. 4000원대 초반 돌파 실패시 추가 하락 가능성 고려, 손절선 설정 필요"
  }
}