{
  "종목정보": {
    "종목명": "알 수 없음 (019210)",
    "종목번호": "019210",
    "분석일시": "2025-08-07 11:08:46",
    "차트유형": "주봉"
  },
  "종합분석점수": {
    "점수": 75,
    "요약": "중기 상승 추세 약화, 박스권 상단 돌파 시도 중"
  },
  "이번주봉": {
    "종가": "5760",
    "등락률": "-0.17%",
    "거래량": "75124",
    "주요특징": "지난주 하락 후 소폭 반등. 5700원 부근 지지 확인. 거래량 감소."
  },
  "핵심기술적지표": {
    "이동평균선정배열": "아니오",
    "골든데드크로스": "아니오",
    "Stochastic상태": " %K: 35, %D: 30 (과매도 구간 아님)",
    "볼린저밴드": "밴드 폭 축소"
  },
  "세부분석": {
    "가격및거래량": {
      "거래량비교": "최근 4주 평균 거래량 대비 30% 수준으로 감소.",
      "박스권분석": "최근 8주간 5700원~6000원 박스권 형성. 이번 주는 상단 저항을 시험하는 모습."
    },
    "이동평균선": {
      "현재가위치": "현재가(5760)는 5주선(5780) 아래, 20주선(5850) 아래, 60주선(5950) 아래에 위치.",
      "20주선역할": "20주선은 중기 저항선으로 작용 중."
    },
    "모멘텀": {
      "Stochastic분석": "%K와 %D 모두 30%대에 위치하며 상승 모멘텀은 약화. 과매도는 아님.",
      "볼린저밴드분석": "볼린저밴드 폭이 축소되고 있어 단기 변동성 축소 가능성을 시사."
    }
  },
  "중기투자아이디어": {
    "추세요약": "중기적으로는 상승 추세가 약화되었으나, 5700원 부근 지지선을 유지하고 있어 박스권 상단 돌파 여부가 관건.",
    "매매시그널": "5700원 이하 추가 하락 시 매수 관망. 6000원 상단 돌파 및 거래량 증가 확인 시 매수 고려. 5500원 이하 지지 실패 시 매도 고려."
  }
}