{
  "종목정보": {
    "종목명": "알 수 없음 (145720)",
    "종목번호": "145720",
    "분석일시": "2025-08-07 11:09:08",
    "차트유형": "주봉"
  },
  "종합분석점수": {
    "점수": 75,
    "요약": "중기 상승 추세 약화, 박스권 하단부 지지 확인 후 재상승 시도 여부 관찰 필요"
  },
  "이번주봉": {
    "종가": "63500",
    "등락률": "0.00%",
    "거래량": "51918",
    "주요특징": "지난주와 동일한 종가. 거래량 감소. 60주선 부근에서 지지받는 모습을 보임. 뚜렷한 상승 또는 하락 추세는 나타나지 않음."
  },
  "핵심기술적지표": {
    "이동평균선정배열": "아니오",
    "골든데드크로스": "아니오",
    "Stochastic상태": "%K: 45, %D: 48",
    "볼린저밴드": "밴드 폭 축소"
  },
  "세부분석": {
    "가격및거래량": {
      "거래량비교": "최근 4주 평균 거래량 대비 30% 수준으로 감소",
      "박스권분석": "60,000원에서 70,000원 사이 박스권 하단부를 지지. 박스권 상단 돌파는 아직 시도하지 않음."
    },
    "이동평균선": {
      "현재가위치": "5주선, 20주선, 60주선 모두 아래에 위치",
      "20주선역할": "중기 추세의 지지선으로 작용할 가능성 존재,  돌파 여부 확인 필요"
    },
    "모멘텀": {
      "Stochastic분석": "Stochastic %K와 %D는 50% 부근에서 움직이며 모멘텀은 약함.",
      "볼린저밴드분석": "볼린저밴드 폭이 축소되고 있으며, 변동성 축소 가능성 존재"
    }
  },
  "중기투자아이디어": {
    "추세요약": "단기적으로는 박스권 하단 지지 후 재상승 여부 확인 필요. 중장기적으로는 상승 추세 약화 및 변동성 축소 가능성 높음.",
    "매매시그널": "현재는 매수/매도 신호 모두 약함.  60,000원 부근 지지 여부와 거래량 증가를 확인 후 매수를 고려해 볼 수 있음. 60주선 이탈시 추가 하락 가능성 고려해야 함."
  }
}