{
  "종목정보": {
    "종목명": "삼성전자",
    "종목번호": "005930",
    "분석일시": "2025-08-07 11:09:19",
    "차트유형": "주봉"
  },
  "종합분석점수": {
    "점수": 75,
    "요약": "중기 상승 추세 유지, 70,000원대 지지선 확인 후 추가 상승 여력 존재"
  },
  "이번주봉": {
    "종가": "70200",
    "등락률": "-0.35",
    "거래량": "34886981",
    "주요특징": "70,000원대 지지선 테스트 후 소폭 하락. 거래량 감소는 단기 조정 가능성 시사"
  },
  "핵심기술적지표": {
    "이동평균선정배열": "예",
    "골든데드크로스": "아니오",
    "Stochastic상태": " %K: 70, %D: 60 (과매수/과매도 구간 아님)",
    "볼린저밴드": "밴드 폭 축소"
  },
  "세부분석": {
    "가격및거래량": {
      "거래량비교": "최근 4주 평균 거래량(약 90,000,000주) 대비 38.8% 수준으로 감소",
      "박스권분석": "최근 4주간 68,000원에서 74,000원 사이의 박스권에서 등락 중. 상단 돌파 시도 후 소폭 조정"
    },
    "이동평균선": {
      "현재가위치": "현재 주가(70,200원)는 5주선(69,500원), 20주선(68,000원), 60주선(65,000원) 모두 상회",
      "20주선역할": "20주선은 강력한 지지선 역할 수행"
    },
    "모멘텀": {
      "Stochastic분석": "%K와 %D선은 모두 80 미만으로 과매수 상태가 아니며, 모멘텀은 약세로 전환 가능성이 있음.",
      "볼린저밴드분석": "볼린저밴드 폭이 축소되고 있으며, 단기 조정 후 변동성 확대 가능성 존재"
    }
  },
  "중기투자아이디어": {
    "추세요약": "중장기적으로는 상승 추세를 유지하고 있으나, 단기적으로는 조정 가능성이 존재.",
    "매매시그널": "70,000원대 지지선을 확인 후 상승 시 재진입 매수 시그널. 68,000원 이하 하락 시 매도 고려"
  }
}