{
  "종목정보": {
    "종목명": "알 수 없음 (023410)",
    "종목번호": "023410",
    "분석일시": "2025-08-07 11:08:57",
    "차트유형": "주봉"
  },
  "종합분석점수": {
    "점수": 75,
    "요약": "중기 상승 추세 유지, 저항선 돌파 시도 후 조정 국면"
  },
  "이번주봉": {
    "종가": "3535",
    "등락률": "-0.14",
    "거래량": "206445",
    "주요특징": "상승 추세 이후 소폭 하락, 거래량 감소. 3600원 부근 저항 확인"
  },
  "핵심기술적지표": {
    "이동평균선정배열": "예",
    "골든데드크로스": "아니오",
    "Stochastic상태": " %K: 30, %D: 35 (과매도 구간 아님)",
    "볼린저밴드": "밴드 폭 축소"
  },
  "세부분석": {
    "가격및거래량": {
      "거래량비교": "최근 4주 평균 거래량 대비 20% 수준으로 감소",
      "박스권분석": "3400원~3600원 박스권 상단 저항 확인 후 소폭 하락, 박스권 탈출 시도 실패"
    },
    "이동평균선": {
      "현재가위치": "현재가(3535)는 5주선(3550) 아래, 20주선(3500) 위, 60주선(3450) 위에 위치",
      "20주선역할": "중기적인 지지선 역할"
    },
    "모멘텀": {
      "Stochastic분석": "Stochastic %K와 %D는 30% 부근으로 모멘텀은 약화되었으나 과매도는 아님",
      "볼린저밴드분석": "볼린저밴드 폭 축소는 단기 변동성 축소를 시사하며 추세 전환 가능성 존재"
    }
  },
  "중기투자아이디어": {
    "추세요약": "중기적으로 상승 추세를 유지하고 있으나, 3600원 부근 저항을 넘지 못하고 소폭 조정 중. 거래량 감소는 주의해야 할 요소",
    "매매시그널": "3500원(20주선) 지지 여부 확인 후 매수 시그널 고려. 3600원 돌파 시 추가 상승 가능성 높음. 3400원 이하 하락 시 매도 고려"
  }
}