{
  "종목정보": {
    "종목명": "금강공업",
    "종목번호": "014280",
    "분석일시": "2025-08-06 18:55:50",
    "차트유형": "일봉"
  },
  "종합분석점수": {
    "점수": 75,
    "요약": "단기 조정 가능성 존재, 매수는 신중한 접근 필요"
  },
  "오늘의일봉": {
    "종가": "4430",
    "등락률": "0.91%",
    "거래량": "31910",
    "주요특징": "소폭 상승, 거래량 감소. 4400원대 지지 확인. 큰 변동 없이 조용한 움직임."
  },
  "핵심기술적지표": {
    "이동평균선정배열": "아니오",
    "골든데드크로스": "아니오",
    "MACD상태": "10 vs 20 (MACD 선이 시그널 선 아래에 위치)",
    "RSI상태": "45",
    "볼린저밴드": "밴드 폭 축소 (변동성 축소)"
  },
  "세부분석": {
    "가격및거래량": {
      "거래량비교": "최근 5일 평균 거래량(6만주) 대비 53% 수준으로 매우 적은 거래량",
      "주요가격대": "4400원대 지지 확인.  최근 상승 추세에서 소폭 조정 중"
    },
    "이동평균선": {
      "현재가위치": "주가는 5일선(4390원) 위, 20일선(4300원) 위, 60일선(4200원) 위에 위치",
      "밀집도": "이동평균선 다소 밀집"
    },
    "모멘텀": {
      "MACD분석": "MACD 선이 시그널 선 아래로 내려와 모멘텀 약화.  상승세 둔화 가능성. 히스토그램도 음영으로 전환",
      "RSI분석": "RSI 45로 중립 수준. 과매수, 과매도 영역 진입 아님. 다이버전스 없음."
    }
  },
  "단기투자아이디어": {
    "추세요약": "단기적으로는 상승 모멘텀이 약화되고 조정 가능성이 높아짐",
    "매매시그널": "현재 매수 시그널은 없음. 4300원대 지지선 이탈 여부를 확인하며 매수 여부 결정. 4400원대 지지선을 뚫고 상승하는 모습을 확인한 후 매수 고려. 4200원대 이탈 시 추가 하락 가능성 고려"
  }
}