{
  "종목정보": {
    "종목명": "유진기업",
    "종목번호": "023410",
    "분석일시": "2025-08-06 18:54:20",
    "차트유형": "일봉"
  },
  "종합분석점수": {
    "점수": 85,
    "요약": "단기 상승 모멘텀 유지, 추가 상승 가능성 존재, 매수 관망"
  },
  "오늘의일봉": {
    "종가": "3525",
    "등락률": "0.86%",
    "거래량": "135140",
    "주요특징": "소폭 상승 마감. 거래량은 평균 수준. 3500원대 지지 확인"
  },
  "핵심기술적지표": {
    "이동평균선정배열": "예",
    "골든데드크로스": "아니오",
    "MACD상태": "10 vs 5",
    "RSI상태": "55",
    "볼린저밴드": "밴드폭 축소 후 확장 국면 진입"
  },
  "세부분석": {
    "가격및거래량": {
      "거래량비교": "최근 5일 평균 거래량 17만주 대비 79% 수준",
      "주요가격대": "3500원대는 중요 지지선으로 작용, 최근 상승세 확인"
    },
    "이동평균선": {
      "현재가위치": "5일선, 20일선, 60일선 모두 상회",
      "밀집도": "확산 상태, 변동성 확대 가능성"
    },
    "모멘텀": {
      "MACD분석": "MACD선이 시그널선 위에 위치하며 양전. 모멘텀은 강세 유지.  추세는 상승세",
      "RSI분석": "RSI 55로 중립 수준. 과매수/과매도 구간 진입 아님. 다이버전스 없음"
    }
  },
  "단기투자아이디어": {
    "추세요약": "단기적으로는 상승 추세를 유지하고 있으며, 모멘텀이 강세를 보이고 있습니다.",
    "매매시그널": "3500원 지지선 이탈 시 매도 고려, 3600원 돌파 시 추가 상승 가능성 존재, 매수 관망 후 3600원 돌파 시 진입 고려"
  }
}