{
  "종목정보": {
    "종목명": "와이지-원",
    "종목번호": "019210",
    "분석일시": "2025-08-06 18:53:56",
    "차트유형": "일봉"
  },
  "종합분석점수": {
    "점수": 75,
    "요약": "단기 상승세 둔화, 매수 관망, 추가 하락 가능성 존재"
  },
  "오늘의일봉": {
    "종가": "5670",
    "등락률": "0.89%",
    "거래량": "50812",
    "주요특징": "약간의 상승 마감. 거래량은 최근 평균 수준. 특별한 돌파 또는 실패는 없음."
  },
  "핵심기술적지표": {
    "이동평균선정배열": "아니오",
    "골든데드크로스": "아니오",
    "MACD상태": "0 vs -5 (MACD는 시그널선 아래로 내려옴)",
    "RSI상태": "45 (과매수/과매도 구간 아님)",
    "볼린저밴드": "밴드폭 다소 축소"
  },
  "세부분석": {
    "가격및거래량": {
      "거래량비교": "최근 5일 평균 거래량 50,000주 대비 101.6% 수준",
      "주요가격대": "5700원 부근에서 저항을 받고 있음. 최근 5600원 부근에서 지지선 형성 시도"
    },
    "이동평균선": {
      "현재가위치": "5일선(5700) 아래, 20일선(5750) 아래, 60일선(5800) 아래",
      "밀집도": "밀집 상태. 단기 이동평균선과 장기 이동평균선 간 거리가 좁아짐."
    },
    "모멘텀": {
      "MACD분석": "MACD선이 시그널선 아래로 내려오며 상승 모멘텀 약화.  추세 약세로 전환될 가능성 존재.",
      "RSI분석": "RSI 45, 과매수/과매도 구간 아님. 다이버전스는 관찰되지 않음."
    }
  },
  "단기투자아이디어": {
    "추세요약": "단기적으로 상승세 둔화, 조정 가능성 존재.",
    "매매시그널": "현재 매수 신호는 없음. 5600원 부근 지지선 확인 후 매수를 고려할 수 있으나, 추가 하락 가능성을 고려하여 신중한 접근이 필요.  5700원 돌파 실패 시 추가적인 하락 가능성을 주시해야 함."
  }
}