{
  "종목정보": {
    "종목명": "덴티움",
    "종목번호": "145720",
    "분석일시": "2025-08-06 18:54:50",
    "차트유형": "일봉"
  },
  "종합분석점수": {
    "점수": 75,
    "요약": "단기 저점 형성 후 반등 시도 중이나, 추세 전환 여부는 추가 확인 필요"
  },
  "오늘의일봉": {
    "종가": "63900",
    "등락률": "1.43",
    "거래량": "24459",
    "주요특징": "전일 대비 상승 마감. 거래량은 평균 수준. 62000원 지지선 확인 후 상승"
  },
  "핵심기술적지표": {
    "이동평균선정배열": "아니오",
    "골든데드크로스": "아니오",
    "MACD상태": "-1000 vs -1500",
    "RSI상태": "45",
    "볼린저밴드": "밴드 폭 축소 후 확대되는 양상"
  },
  "세부분석": {
    "가격및거래량": {
      "거래량비교": "최근 5일 평균 거래량(30000주) 대비 81.5% 수준",
      "주요가격대": "62000원 부근에서 지지선을 확인하고 상승 반전 시도 중이며, 65000원 부근이 다음 저항선으로 예상됨"
    },
    "이동평균선": {
      "현재가위치": "주가는 5일선(63000원) 위, 20일선(64000원) 아래, 60일선(66000원) 아래에 위치",
      "밀집도": "이동평균선은 다소 확산되는 양상으로 단기 변동성 확대 가능성 시사"
    },
    "모멘텀": {
      "MACD분석": "MACD는 시그널선 위로 상승하고 있으며, 모멘텀은 약하게 회복되고 있으나, 아직 강한 상승 추세는 아님.  양전환은 확인되지 않았음.",
      "RSI분석": "RSI는 45로 중립 수준. 과매수/과매도 구간에 진입하지 않았으며, 가격과 지표 간 다이버전스는 관찰되지 않음"
    }
  },
  "단기투자아이디어": {
    "추세요약": "덴티움은 단기적으로 62000원 지지선을 확인하고 반등 시도 중이나, 아직은 상승 추세로 전환되었다고 보기 어려움.",
    "매매시그널": "62000원 지지선을 깨지 않고 상승 지속 시 추가 상승 가능성 있음. 65000원 돌파 실패 시 매도 고려. 62000원 이탈 시 추가 하락 가능성 고려.  추가적인 지표 확인 및 시장 상황 분석 후 매수/매도 결정 권장."
  }
}