{
  "종목정보": {
    "종목명": "삼성전자",
    "종목번호": "005930",
    "분석일시": "2025-08-06 18:55:09",
    "차트유형": "일봉"
  },
  "종합분석점수": {
    "점수": 75,
    "요약": "단기 약세 후 반등 시도, 추가 관찰 필요"
  },
  "오늘의일봉": {
    "종가": "68800",
    "등락률": "-1.57%",
    "거래량": "12542415",
    "주요특징": "약보합 마감. 거래량 감소. 7만원대 지지 실패 후 하락"
  },
  "핵심기술적지표": {
    "이동평균선정배열": "아니오",
    "골든데드크로스": "아니오",
    "MACD상태": "-50 vs -100",
    "RSI상태": "40",
    "볼린저밴드": "밴드폭 축소 후 확대되는 추세"
  },
  "세부분석": {
    "가격및거래량": {
      "거래량비교": "최근 5일 평균 거래량 18,780,890주 대비 67% 수준으로 감소",
      "주요가격대": "7만원대 지지 실패 후 6만9천원대 지지선을 확인 중.  6만8천원대에서 저가 매수세 유입 가능성 존재"
    },
    "이동평균선": {
      "현재가위치": "5일선(69900) 아래, 20일선(70500) 아래, 60일선(72000) 아래",
      "밀집도": "확산 상태, 단기 변동성 확대 예상"
    },
    "모멘텀": {
      "MACD분석": "MACD 선이 시그널 선 아래에 위치하며 약세 모멘텀 유지.  그러나 최근 MACD histogram이 양전환 시도는 긍정적 신호",
      "RSI분석": "RSI 40으로 과매도 구간은 아니지만, 상승 모멘텀 약화"
    }
  },
  "단기투자아이디어": {
    "추세요약": "단기적으로 약세 추세이나 6만8천원대 지지선에서 반등 가능성 존재",
    "매매시그널": "6만8천원대 지지선 확인 후, 거래량 증가와 함께 5일선 돌파 시 매수 시그널. 6만7천원대 이탈 시 추가 하락 가능성을 고려하여 손절매 설정 필요"
  }
}