{
  "종목정보": {
    "종목명": "삼성전자",
    "종목번호": "005930",
    "분석일시": "2025-08-07 10:46:25",
    "차트유형": "일봉"
  },
  "종합분석점수": {
    "점수": 85,
    "요약": "단기 상승 모멘텀 강세, 저가 매수 전략 유효"
  },
  "오늘의일봉": {
    "종가": "70550",
    "등락률": "2.54%",
    "거래량": "7478885",
    "주요특징": "갭 상승 출발 후 상승세 유지, 71000 부근 저항 확인"
  },
  "핵심기술적지표": {
    "이동평균선정배열": "예",
    "골든데드크로스": "예(최근 골든크로스 발생)",
    "MACD상태": "50 vs 20 (MACD가 시그널 상향 돌파)",
    "RSI상태": "55",
    "볼린저밴드": "밴드 폭 축소 후 확대 국면 진입"
  },
  "세부분석": {
    "가격및거래량": {
      "거래량비교": "최근 5일 평균 거래량 18,774,228주 대비 39.8% 수준으로 평균 이하 거래량",
      "주요가격대": "71,000원 부근에서 강한 저항을 확인, 69,000원 부근은 지지선으로 작용"
    },
    "이동평균선": {
      "현재가위치": "현재가는 5일선(70,100), 20일선(69,500), 60일선(66,000) 모두 상회",
      "밀집도": "이동평균선은 다소 확산되는 추세로 향후 변동성 확대 가능성 존재"
    },
    "모멘텀": {
      "MACD분석": "MACD선이 시그널선을 상향 돌파하며 강한 상승 모멘텀을 보임.  히스토그램 역시 양의 영역으로 전환",
      "RSI분석": "RSI 55로 과매수/과매도 구간 진입 없음.  가격 상승과 RSI 지표의 상승이 동조화 되어 다이버전스는 없음"
    }
  },
  "단기투자아이디어": {
    "추세요약": "단기적으로 상승 추세 유지, 강한 매수세 유입 가능성",
    "매매시그널": "70,000원 부근 지지 확인 후 추가 상승 시 71,000원 돌파 여부 관찰, 돌파 실패 시 69,000원 부근 지지 여부 확인 후 매수 고려. 72,000원 돌파시 단기 이익 실현 고려"
  }
}