{
  "종목정보": {
    "종목명": "알 수 없음 (019210)",
    "종목번호": "019210",
    "분석일시": "2025-08-07 10:44:46",
    "차트유형": "일봉"
  },
  "종합분석점수": {
    "점수": 85,
    "요약": "단기 상승 모멘텀 강화, 매수 관망 후 상승 돌파 시 매수 전략"
  },
  "오늘의일봉": {
    "종가": "5770",
    "등락률": "1.76%",
    "거래량": "24312",
    "주요특징": "전일 대비 상승, 거래량 감소, 5800원 저항선 돌파 시도"
  },
  "핵심기술적지표": {
    "이동평균선정배열": "예",
    "골든데드크로스": "아니오",
    "MACD상태": "10 vs 5",
    "RSI상태": "65",
    "볼린저밴드": "밴드폭 축소 후 확대"
  },
  "세부분석": {
    "가격및거래량": {
      "거래량비교": "최근 5일 평균 거래량 48,776주 대비 50% 수준",
      "주요가격대": "5800원 부근에서 저항을 받고 있으나, 오늘 장대 양봉으로 돌파 시도. 5700원 부근은 지지선 역할"
    },
    "이동평균선": {
      "현재가위치": "5일선, 20일선, 60일선 모두 상회",
      "밀집도": "확산"
    },
    "모멘텀": {
      "MACD분석": "MACD선이 시그널선을 상회하며 상승 모멘텀 유지.  히스토그램 양전으로 모멘텀 강함",
      "RSI분석": "RSI 65로 과매수 구간 진입하지 않음. 다이버전스는 관찰되지 않음."
    }
  },
  "단기투자아이디어": {
    "추세요약": "단기적으로 상승 추세를 유지하고 있으며, 모멘텀 또한 강세를 보이고 있음.",
    "매매시그널": "5800원 돌파 확인 후 매수 진입. 5700원 이하 하락 시 매수 포지션 청산 고려."
  }
}