{
  "종목정보": {
    "종목명": "와이지-원",
    "종목번호": "019210",
    "분석일시": "2025-08-12 14:38:34",
    "차트유형": "주봉"
  },
  "이번주봉": {
    "종가": "5700",
    "등락률": "0.00%",
    "거래량": "40638",
    "주요특징": "이번 주는 5700원으로 전주와 동일한 종가를 기록했습니다. 거래량은 매우 감소하였으며, 5700원 부근에서 횡보하는 모습을 보였습니다.  5주, 20주, 60주 이동평균선 모두 근접해 있으며, 뚜렷한 지지/저항선 돌파 시도는 없었습니다."
  },
  "핵심기술적지표": {
    "이동평균선정배열": "아니오",
    "골든데드크로스": "아니오",
    "Stochastic상태": "%K: 25, %D: 30. Stochastic Slow 지표는 과매도 구간(20 이하)에 근접해 있으며, %K선과 %D선은 모두 상승 추세를 보이지만 아직 골든 크로스는 발생하지 않았습니다.  모멘텀은 약한 상태입니다.",
    "볼린저밴드": "볼린저밴드 폭은 다소 좁아지는 추세이며, 현재 주가는 중간 밴드 근처에 위치해 있습니다. 좁아지는 밴드 폭은 향후 변동성 확대 가능성을 시사합니다."
  },
  "세부분석": {
    "가격및거래량": {
      "거래량비교": "최근 4주 평균 거래량을 산출할 수 있는 데이터가 부족하여 비교 분석이 어렵습니다.  다만, 이번 주 거래량은 매우 적은 수준입니다.",
      "박스권분석": "와이지-원은 최근 4주 동안 5600원에서 5800원 사이의 박스권 움직임을 보였으나, 이번주는 박스권 상단 근처에서 거래가 마무리되었습니다."
    },
    "이동평균선": {
      "현재가위치": "현재 주가(5700원)는 5주선(약 5750원), 20주선(약 5700원), 60주선(약 5600원) 근처에 위치해 있습니다.",
      "20주선역할": "20주선은 현재 주가와 거의 일치하며, 단기적인 지지선 역할을 하고 있을 가능성이 높습니다."
    },
    "모멘텀": {
      "Stochastic분석": "Stochastic %K선(25)과 %D선(30)은 과매도 구간에 근접해 있으며, 모멘텀은 약합니다.  그러나 %K와 %D 모두 상승 추세를 보이고 있어 향후 모멘텀 회복 가능성도 존재합니다.",
      "볼린저밴드분석": "볼린저밴드 폭이 좁아지고 있는 것은 주가의 방향성이 불확실하고 향후 변동성 확대 가능성을 시사합니다."
    }
  },
  "중기투자아이디어": {
    "추세요약": "와이지-원은 단기적으로 5700원 부근에서 횡보하며 박스권 움직임을 보이고 있으나,  거래량 감소와 좁아지는 볼린저밴드 폭을 고려할 때 중장기적인 추세는 아직 불확실합니다.",
    "매매시그널": "현재 시점에서는 매수/매도 시그널이 명확하지 않습니다.  20주선 지지 여부를 확인하고, 거래량 증가와 함께 Stochastic 지표가 과매수 구간으로 진입하거나,  볼린저밴드 상단 돌파 시 매수를 고려할 수 있습니다. 반대로, 20주선 이탈 및 볼린저밴드 하단 이탈 시 매도를 고려해야 합니다.  추가적인 정보와 지표 분석이 필요합니다."
  }
}