[
  {
    "stock_name": "YG-1",
    "stock_code": "019210",
    "chart_type": "월봉",
    "analysis_score": 65,
    "summary": "장기 상승 추세는 유지되나, 단기 조정 가능성 존재. 분할 매수 전략 추천",
    "detailed_analysis": "019210 종목의 월봉 차트 분석이 성공적으로 완료되었습니다.",
    "timestamp": "2025-08-07T11:15:28.763614",
    "ai_analysis_file": "analysis_monthly_019210_20250807_111528.json",
    "ai_analysis_data": {
      "종목정보": {
        "종목명": "YG-1",
        "종목번호": "019210",
        "분석일시": "2025-08-07 11:15:28",
        "차트유형": "월봉"
      },
      "종합분석점수": {
        "점수": 65,
        "요약": "장기 상승 추세는 유지되나, 단기 조정 가능성 존재. 분할 매수 전략 추천"
      },
      "이번월봉": {
        "종가": "5670",
        "등락률": "-1.73%",
        "거래량": "170866",
        "주요특징": "8월 종가는 5,670원으로 전월 대비 소폭 하락. 거래량은 매우 감소. 6월 고점 이후 조정 국면 진입"
      },
      "핵심기술적지표": {
        "장기정배열": "예",
        "CCI상태": "-60",
        "ADX상태": "20 이하",
        "주요이동평균선": "5개월선 상단/10개월선 상단/20개월선 상단"
      },
      "세부분석": {
        "가격및거래량": {
          "거래량비교": "6개월 평균 거래량 대비 10% 미만.  거래량 감소는 매수세 약화를 시사",
          "역사적고점저점": "역사적 고점은 약 15,000원 부근, 저점은 4,000원대 초반. 현재 가격은 역사적 고점 대비 훨씬 낮은 수준이나, 장기 저점 대비 높은 위치에 있음."
        },
        "이동평균선": {
          "현재가위치": "현재 주가는 5개월선, 10개월선, 20개월선 모두 상단에 위치",
          "20개월선역할": "20개월선은 강력한 지지선으로 작용하며 상승 추세를 지지하고 있음"
        },
        "모멘텀": {
          "CCI분석": "CCI는 -60 수준으로 과매도 구간은 아니지만, 0선 아래로 하향. 단기적인 약세 모멘텀을 보여줌",
          "ADX분석": "ADX는 20 이하로 추세의 강도가 약화되고 있으며, 현재 횡보 내지 약세 추세로 판단됨"
        }
      },
      "장기투자아이디어": {
        "사이클요약": "YG-1은 장기적으로 상승 추세를 유지하고 있으나, 단기 조정 가능성을 배제할 수 없음. 현재 가격은 역사적 고점 대비 상당히 낮은 수준임.",
        "투자전략": "현재 주가는 20개월선 등 장기 이동평균선 위에 위치하며, 장기 상승 추세를 지지하고 있으므로, 장기 투자 관점에서는 분할 매수 전략을 고려할 만함. 하지만 단기적인 조정 가능성을 고려하여, 매수 시점을 신중히 결정하고,  리스크 관리를 위한 분할 매수를 권장하며, 추가적인 하락 가능성에 대비해야 함."
      }
    },
    "batch_id": "batch_1754532913",
    "processed_at": "2025-08-07T11:15:28.763833"
  },
  {
    "stock_name": "유진기업",
    "stock_code": "023410",
    "chart_type": "월봉",
    "analysis_score": 65,
    "summary": "장기 상승 추세는 유지되나, 단기 조정 가능성 존재. 분할 매수 전략 고려.",
    "detailed_analysis": "023410 종목의 월봉 차트 분석이 성공적으로 완료되었습니다.",
    "timestamp": "2025-08-07T11:15:39.945274",
    "ai_analysis_file": "analysis_monthly_023410_20250807_111539.json",
    "ai_analysis_data": {
      "종목정보": {
        "종목명": "유진기업",
        "종목번호": "023410",
        "분석일시": "2025-08-07 11:15:39",
        "차트유형": "월봉"
      },
      "종합분석점수": {
        "점수": 65,
        "요약": "장기 상승 추세는 유지되나, 단기 조정 가능성 존재. 분할 매수 전략 고려."
      },
      "이번월봉": {
        "종가": "3525",
        "등락률": "-0.28%",
        "거래량": "519406",
        "주요특징": "8월 종가는 3525원으로 전월 대비 소폭 하락. 거래량은 평균 이하로 감소.  최근 고점 대비 소폭 하락 후 횡보하는 양상을 보임."
      },
      "핵심기술적지표": {
        "장기정배열": "예",
        "CCI상태": "-30",
        "ADX상태": "20",
        "주요이동평균선": "5개월선 상단/10개월선 상단/20개월선 상단"
      },
      "세부분석": {
        "가격및거래량": {
          "거래량비교": "평균 거래량 대비 10% 수준으로 매우 저조함.",
          "역사적고점저점": "역사적 고점은 약 8000원 부근, 저점은 3000원 부근으로 추정. 현재 가격은 장기 저점 부근에서 상승 후 조정 구간에 진입한 것으로 판단된다."
        },
        "이동평균선": {
          "현재가위치": "5개월선, 10개월선, 20개월선 모두 상단에 위치",
          "20개월선역할": "장기적인 상승 추세를 지지하는 지지선 역할"
        },
        "모멘텀": {
          "CCI분석": "CCI는 -30으로 과매도 구간에는 진입하지 않았으나, 0선을 하향 돌파하여 약세 신호를 보임. 단기 조정 가능성을 시사.",
          "ADX분석": "ADX는 20 이상으로 추세가 존재함을 나타내며, 현재 추세 강도는 약화되고 있으나 상승 추세는 유지 중."
        }
      },
      "장기투자아이디어": {
        "사이클요약": "유진기업 주가는 장기적으로 상승 추세를 보이고 있으나, 단기적인 조정 가능성이 존재한다.",
        "투자전략": "현재 가격대는 상대적으로 매력적인 분할 매수 구간으로 판단되므로,  추가적인 하락 시 분할 매수 전략을 고려하는 것이 바람직하다.  다만, 단기적인 조정 가능성을 감안하여 투자에 신중을 기해야 한다."
      }
    },
    "batch_id": "batch_1754532913",
    "processed_at": "2025-08-07T11:15:39.945608"
  },
  {
    "stock_name": "덴티움",
    "stock_code": "145720",
    "chart_type": "월봉",
    "analysis_score": 65,
    "summary": "장기 상승 추세 유지 중이나, 최근 조정으로 분할 매수 전략 고려",
    "detailed_analysis": "145720 종목의 월봉 차트 분석이 성공적으로 완료되었습니다.",
    "timestamp": "2025-08-07T11:15:49.867132",
    "ai_analysis_file": "analysis_monthly_145720_20250807_111549.json",
    "ai_analysis_data": {
      "종목정보": {
        "종목명": "덴티움",
        "종목번호": "145720",
        "분석일시": "2025-08-07 11:15:49",
        "차트유형": "월봉"
      },
      "종합분석점수": {
        "점수": 65,
        "요약": "장기 상승 추세 유지 중이나, 최근 조정으로 분할 매수 전략 고려"
      },
      "이번월봉": {
        "종가": "63600",
        "등락률": "-1.40",
        "거래량": "105897",
        "주요특징": "7월 고점 대비 하락세 지속, 거래량 감소. 6만원대 중반 지지 여부 중요"
      },
      "핵심기술적지표": {
        "장기정배열": "예",
        "CCI상태": "-60",
        "ADX상태": "20 이하",
        "주요이동평균선": "5개월선 위, 10개월선 위, 20개월선 위"
      },
      "세부분석": {
        "가격및거래량": {
          "거래량비교": "평균 거래량 대비 현저히 감소 (약 10% 수준)",
          "역사적고점저점": "역사적 고점은 약 85,500원, 저점은 3만원대 초반. 현재 가격은 과거 고점 대비 상당히 낮은 수준이며, 장기 저점 대비 상승 추세 유지 중"
        },
        "이동평균선": {
          "현재가위치": "모든 이동평균선(5, 10, 20개월선) 위에 위치",
          "20개월선역할": "강력한 지지선 역할"
        },
        "모멘텀": {
          "CCI분석": "CCI는 -60으로 과매도 구간 진입하지 않았으나, 0선을 하향 돌파하여 약세 모멘텀이 나타남. 단기적인 조정 가능성",
          "ADX분석": "ADX는 20 이하로 추세 강도가 약화되고 있으며, 현재는 횡보 또는 약세 방향으로 진행되는 것으로 판단됨"
        }
      },
      "장기투자아이디어": {
        "사이클요약": "덴티움은 장기적으로 상승 추세를 유지하고 있으나, 단기 조정 국면에 진입한 것으로 판단됨.",
        "투자전략": "현재 가격대는 장기적인 관점에서 분할 매수를 고려해볼 만한 매력적인 구간이나, 추가적인 하락 가능성을 고려하여 신중한 접근이 필요함. 20개월선 이탈 시 추가적인 하락 가능성을 고려해야 함."
      }
    },
    "batch_id": "batch_1754532913",
    "processed_at": "2025-08-07T11:15:49.867488"
  },
  {
    "stock_name": "삼성전자",
    "stock_code": "005930",
    "chart_type": "월봉",
    "analysis_score": 65,
    "summary": "장기 상승 추세 유지 중이나 최근 조정 가능성 존재, 분할 매수 전략 고려",
    "detailed_analysis": "005930 종목의 월봉 차트 분석이 성공적으로 완료되었습니다.",
    "timestamp": "2025-08-07T11:16:00.207620",
    "ai_analysis_file": "analysis_monthly_005930_20250807_111600.json",
    "ai_analysis_data": {
      "종목정보": {
        "종목명": "삼성전자",
        "종목번호": "005930",
        "분석일시": "2025-08-07 11:16:00",
        "차트유형": "월봉"
      },
      "종합분석점수": {
        "점수": 65,
        "요약": "장기 상승 추세 유지 중이나 최근 조정 가능성 존재, 분할 매수 전략 고려"
      },
      "이번월봉": {
        "종가": "70350",
        "등락률": "-1.47",
        "거래량": "61357844",
        "주요특징": "7만원대 돌파 후 소폭 조정, 거래량 감소"
      },
      "핵심기술적지표": {
        "장기정배열": "예",
        "CCI상태": "50",
        "ADX상태": "200",
        "주요이동평균선": "5개월선 상회, 10개월선 상회, 20개월선 상회"
      },
      "세부분석": {
        "가격및거래량": {
          "거래량비교": "평균 거래량 대비 10% 수준으로 감소",
          "역사적고점저점": "역사적 고점 74,000원 부근, 저점 15,000원 부근. 현재 가격은 장기 상승 추세 내에 있으나 고점 부근에 위치"
        },
        "이동평균선": {
          "현재가위치": "모든 이동평균선 상단에 위치",
          "20개월선역할": "강력한 지지선으로 작용"
        },
        "모멘텀": {
          "CCI분석": "CCI 50 수준으로 과매수/과매도 구간에 진입하지 않았으며, 0선을 상향 돌파 후 상승세를 유지하고 있음",
          "ADX분석": "ADX 200 수준으로 매우 강한 상승 추세를 나타냄"
        }
      },
      "장기투자아이디어": {
        "사이클요약": "삼성전자는 장기적인 상승 추세를 유지하고 있으나, 최근 고점 부근에서 조정 가능성이 존재",
        "투자전략": "현재 가격이 고점 부근에 위치하고 있으므로, 과도한 매수보다는 분할 매수 전략을 통해 장기적인 관점으로 접근하는 것이 바람직하다."
      }
    },
    "batch_id": "batch_1754532913",
    "processed_at": "2025-08-07T11:16:00.213752"
  },
  {
    "stock_name": "금강철강",
    "stock_code": "014280",
    "chart_type": "월봉",
    "analysis_score": 65,
    "summary": "장기 하락 추세에서 벗어나려는 시도,  매수 시점 저울질 필요",
    "detailed_analysis": "014280 종목의 월봉 차트 분석이 성공적으로 완료되었습니다.",
    "timestamp": "2025-08-07T11:16:11.409257",
    "ai_analysis_file": "analysis_monthly_014280_20250807_111611.json",
    "ai_analysis_data": {
      "종목정보": {
        "종목명": "금강철강",
        "종목번호": "014280",
        "분석일시": "2025-08-07 11:16:11",
        "차트유형": "월봉"
      },
      "종합분석점수": {
        "점수": 65,
        "요약": "장기 하락 추세에서 벗어나려는 시도,  매수 시점 저울질 필요"
      },
      "이번월봉": {
        "종가": "4435",
        "등락률": "-3.17%",
        "거래량": "302594",
        "주요특징": "8월 종가는 4435원으로 전월 대비 소폭 하락. 거래량은 매우 감소.  주요 저항선 부근에서 등락을 반복 중."
      },
      "핵심기술적지표": {
        "장기정배열": "아니오",
        "CCI상태": "-80",
        "ADX상태": "20 이하",
        "주요이동평균선": "4435 < 5개월선(4500) < 10개월선(4700) < 20개월선(5000)"
      },
      "세부분석": {
        "가격및거래량": {
          "거래량비교": "평균 거래량 대비 매우 저조 (약 10% 수준)",
          "역사적고점저점": "역사적 고점은 14000원 부근, 저점은 3500원 부근으로 추정되며, 현재 가격은 장기 저점 부근에서 등락을 반복하고 있는 상황."
        },
        "이동평균선": {
          "현재가위치": "현재가는 5개월선, 10개월선, 20개월선 모두 아래에 위치.",
          "20개월선역할": "20개월선은 강력한 저항선으로 작용할 가능성이 있음."
        },
        "모멘텀": {
          "CCI분석": "CCI는 -80으로 과매도 구간에 진입하지 않았으나, 0선 아래에 위치하며 약세를 나타냄.",
          "ADX분석": "ADX는 20 이하로 추세가 약화되고 있으며, 현재는 횡보 또는 약세 방향으로 움직이는 모습을 보임."
        }
      },
      "장기투자아이디어": {
        "사이클요약": "금강철강은 장기 하락 추세를 보였으나, 최근 저점 부근에서 지지부진하며 횡보하는 모습.  추세 전환 가능성이 있으나, 아직 확신할 수 없음.",
        "투자전략": "현재 시점에서는 추가적인 하락 가능성을 고려하여 '관망'하는 것이 바람직하며,  20개월선 이하의 지지선이 확인되고 거래량이 증가하는 등 추가적인 상승 신호가 나타날 경우 '분할 매수'를 고려해볼 수 있다.  하지만 장기적인 관점에서 투자할 경우 위험 관리를 철저히 해야한다."
      }
    },
    "batch_id": "batch_1754532913",
    "processed_at": "2025-08-07T11:16:11.409552"
  }
]