[
  {
    "stock_name": "와이지원",
    "stock_code": "019210",
    "chart_type": "일봉",
    "analysis_score": 75,
    "summary": "019210 종목 분석이 완료되었습니다.",
    "detailed_analysis": "019210 종목의 일봉 차트 분석이 성공적으로 완료되었습니다.",
    "timestamp": "2025-08-12T14:33:04.024628",
    "ai_analysis_file": "analysis_daily_019210_20250812_143303.json",
    "ai_analysis_data": {
      "종목정보": {
        "종목명": "와이지원",
        "종목번호": "019210",
        "분석일시": "2025-08-12 14:33:03",
        "차트유형": "일봉"
      },
      "오늘의일봉": {
        "종가": "5,700원",
        "등락률": "-0.70%",
        "거래량": "40,638주",
        "주요특징": "전일 대비 소폭 하락 마감. 거래량은 최근 평균 수준이나, 상승 모멘텀이 약화되고 있음을 시사한다. 6,000원 부근에서의 매물 소화 부족으로 추가 하락 가능성 존재."
      },
      "핵심기술적지표": {
        "이동평균선정배열": "아니오. 주가는 5일선(5,820원), 20일선(5,930원), 60일선(5,930원) 아래에 위치하며 역배열 상태를 유지하고 있습니다. 단기 및 중장기적인 약세 추세를 나타냅니다.",
        "골든데드크로스": "아니오. 최근 골든크로스 또는 데드크로스는 발생하지 않았습니다. 다만, 주가가 20일선과 60일선 아래에 위치하고 있어 추가적인 하락 가능성을 시사합니다.",
        "MACD상태": "-10 vs -20. MACD 선은 시그널 선 아래에 위치하며 음수 영역을 유지하고 있습니다.  이는 약한 하락 모멘텀을 나타내며, 추세 전환의 신호는 아직 관찰되지 않습니다.",
        "RSI상태": "39.42. RSI는 과매도 구간(30 이하)에 진입하지 않았으나, 중립적인 수준에 머물고 있습니다.  추세 반전 신호는 아직 없습니다.",
        "볼린저밴드": "5일선, 20일선, 60일선이 밀집되어 있으며, 볼린저밴드 폭은 다소 좁아지고 있습니다.  이는 단기적인 변동성 축소 후 추세 변화 가능성을 시사하지만, 현재로서는 명확한 신호는 아닙니다."
      },
      "세부분석": {
        "가격및거래량": {
          "거래량비교": "최근 5일 평균 거래량 44,542주 대비 40,638주는 91% 수준으로 평균적인 거래량을 보이고 있습니다.  하지만, 최근 주가 하락에도 거래량이 크게 증가하지 않은 점은 관망세가 강하다는 것을 의미합니다.",
          "주요가격대": "6,000원대 초반은 강력한 저항선으로 작용했으며, 이 가격대 돌파 실패 후 주가는 하락 전환되었습니다.  6,000원 부근에 상당한 매물이 존재하는 것으로 해석됩니다."
        },
        "이동평균선": {
          "현재가위치": "주가(5,700원)는 5일선(5,820원), 20일선(5,930원), 60일선(5,930원) 모두 아래에 위치하고 있습니다.  이는 단기 및 중장기적인 약세 추세를 보여줍니다.",
          "밀집도": "5일선, 20일선, 60일선이 밀집되어 있는 것은 단기적인 변동성 축소 후 추세 변화 가능성을 시사합니다."
        },
        "모멘텀": {
          "MACD분석": "MACD 선(-10)은 시그널 선(-20) 아래에 위치하며 음수 영역을 유지하고 있습니다. 이는 현재 약한 하락 모멘텀을 나타냅니다.  MACD 오실레이터의 양/음 전환은 아직 관찰되지 않습니다.",
          "RSI분석": "RSI 39.42는 중립 구간에 위치하며, 과매수/과매도 구간에 진입하지 않았습니다.  가격과 지표 간의 다이버전스는 관찰되지 않습니다."
        }
      },
      "단기투자아이디어": {
        "추세요약": "최근 주가는 6,000원대 저항 돌파 실패 이후 하락세를 보이고 있으며, 거래량 감소와 함께 관망세가 강화되고 있습니다. 단기적으로는 추가 하락 가능성이 존재합니다.",
        "매매시그널": "5,700원 지지선 이탈 시 추가 하락 가능성이 높으므로 매도 고려.  5,700원 지지선을 유지하고 5,800원을 돌파할 경우 단기 반등 가능성을 고려할 수 있으나, 6,000원 돌파를 확인해야 강한 매수 신호로 볼 수 있습니다."
      }
    },
    "batch_id": "batch_1754976767",
    "processed_at": "2025-08-12T14:33:04.024854"
  }
]