{
  "종목정보": {
    "종목명": "덴티움",
    "종목번호": "145720",
    "분석일시": "2025-08-07 11:17:33",
    "차트유형": "주봉"
  },
  "종합분석점수": {
    "점수": 75,
    "요약": "중기 상승 추세 약화, 60주선 지지 여부가 관건"
  },
  "이번주봉": {
    "종가": "63400",
    "등락률": "-0.31%",
    "거래량": "52123",
    "주요특징": "지난주 소폭 하락, 6만원대 중반 지지선 부근에서 거래량 감소세 보임. 60주선에 대한 지지 여부 확인 필요."
  },
  "핵심기술적지표": {
    "이동평균선정배열": "아니오",
    "골든데드크로스": "아니오",
    "Stochastic상태": "%K: 40, %D: 45 (과매수/과매도 아님)",
    "볼린저밴드": "밴드 폭 축소"
  },
  "세부분석": {
    "가격및거래량": {
      "거래량비교": "최근 4주 평균 거래량 대비 25% 수준으로 감소",
      "박스권분석": "최근 4주간 6만원대 중반에서 7만원대 초반의 박스권 움직임을 보이다 하단부 근처에서 거래되고 있음. 박스권 하단 돌파 가능성 존재."
    },
    "이동평균선": {
      "현재가위치": "현재가(63400원)는 5주선(63500원) 아래, 20주선(65000원) 아래, 60주선(68000원) 아래에 위치함.",
      "20주선역할": "단기적으로는 저항선 역할을 할 가능성이 높음. 60주선은 강력한 지지선 역할을 할 수 있음."
    },
    "모멘텀": {
      "Stochastic분석": "Stochastic %K와 %D는 40% 부근으로 약한 상승 모멘텀을 유지하고 있으나, 추가적인 상승 모멘텀은 부족함.",
      "볼린저밴드분석": "볼린저밴드 폭이 축소되고 있어, 단기적으로는 변동성 축소 후 방향성이 결정될 가능성이 높음."
    }
  },
  "중기투자아이디어": {
    "추세요약": "단기적으로는 약세지만, 60주선 지지 여부에 따라 중장기적인 상승 여력이 존재하는 종목.",
    "매매시그널": "60주선 지지 실패 시 추가적인 하락 가능성 존재. 60주선을 지지하고 반등 시 매수 신호, 6만원대 초반 지지선 이탈 시 추가 하락을 대비하여 매도 고려."
  }
}