{
  "종목정보": {
    "종목명": "삼성전자",
    "종목번호": "005930",
    "분석일시": "2025-08-07 11:17:45",
    "차트유형": "주봉"
  },
  "종합분석점수": {
    "점수": 75,
    "요약": "중기 상승 추세 유지 중이나, 과매수 구간 진입 및 거래량 감소로 단기 조정 가능성 존재"
  },
  "이번주봉": {
    "종가": "70250",
    "등락률": "-0.07",
    "거래량": "35128538",
    "주요특징": "상승 추세 이후 소폭 하락, 20주선 지지 확인, 거래량 감소"
  },
  "핵심기술적지표": {
    "이동평균선정배열": "예",
    "골든데드크로스": "아니오",
    "Stochastic상태": " %K: 80, %D: 75 (과매수 구간 근접)",
    "볼린저밴드": "밴드 폭 축소"
  },
  "세부분석": {
    "가격및거래량": {
      "거래량비교": "최근 4주 평균 거래량 대비 약 50% 수준으로 감소",
      "박스권분석": "60,000원에서 70,000원 사이 박스권 상단 돌파 시도 후 소폭 조정"
    },
    "이동평균선": {
      "현재가위치": "현재가는 5주선, 20주선, 60주선 모두 위에 위치",
      "20주선역할": "강력한 지지선 역할"
    },
    "모멘텀": {
      "Stochastic분석": "Stochastic %K와 %D는 과매수권 진입 직전이며, 모멘텀은 다소 약화되는 모습",
      "볼린저밴드분석": "볼린저밴드 폭 축소는 단기 조정 가능성을 시사"
    }
  },
  "중기투자아이디어": {
    "추세요약": "중기적으로는 상승 추세를 유지할 가능성이 높으나, 단기적으로는 과매수 및 거래량 감소로 인한 조정 가능성이 존재",
    "매매시그널": "70,000원 부근 지지 여부 확인 후, 지지선 돌파시 매수 신호 고려. 65,000원 이하 하락시 매도 고려 (손절매)"
  }
}