{
  "종목정보": {
    "종목명": "유진기업",
    "종목번호": "023410",
    "분석일시": "2025-08-07 11:17:22",
    "차트유형": "주봉"
  },
  "종합분석점수": {
    "점수": 75,
    "요약": "중기 상승 추세 유지 가능성 높으나, 저항선 돌파 여부가 관건"
  },
  "이번주봉": {
    "종가": "3535",
    "등락률": "-0.14%",
    "거래량": "206445",
    "주요특징": "약보합세 마감. 3500원대 중반에서 등락하며 뚜렷한 방향성 없이 횡보. 거래량 감소."
  },
  "핵심기술적지표": {
    "이동평균선정배열": "아니오",
    "골든데드크로스": "아니오",
    "Stochastic상태": " %K: 25, %D: 30 (과매도 구간 아님)",
    "볼린저밴드": "밴드 폭 축소"
  },
  "세부분석": {
    "가격및거래량": {
      "거래량비교": "최근 4주 평균 거래량 대비 10% 미만 수준으로 거래량 감소",
      "박스권분석": "3400원~3800원 사이 박스권 횡보 지속. 상단 저항선 돌파 시도는 실패."
    },
    "이동평균선": {
      "현재가위치": "현재 주가(3535)는 5주선(3500) 위, 20주선(3550) 아래, 60주선(3700) 아래에 위치.",
      "20주선역할": "20주선은 단기적인 지지선 역할을 하고 있으나, 추세 전환의 명확한 신호는 아님."
    },
    "모멘텀": {
      "Stochastic분석": "Stochastic %K와 %D는 모두 낮은 수준이지만 과매도권 진입은 아니며, 모멘텀은 약함.",
      "볼린저밴드분석": "볼린저밴드 폭 축소는 변동성 축소 가능성을 시사하며, 단기적인 움직임 제한 가능성을 의미함."
    }
  },
  "중기투자아이디어": {
    "추세요약": "유진기업은 3400원~3800원 박스권 횡보를 지속하고 있으며, 중장기 상승 추세는 유지하고 있지만, 단기 모멘텀은 약하며, 거래량 감소는 우려스러운 부분임.",
    "매매시그널": "3800원 부근 저항선 돌파 시 매수 시그널 발생 가능성이 있으며, 3400원 부근 지지선 이탈 시 매도 시그널 발생 가능성이 있음.  현재는 관망하며 추가적인 시그널을 기다리는 것이 바람직함."
  }
}