{
  "종목정보": {
    "종목명": "금강철강",
    "종목번호": "014280",
    "분석일시": "2025-08-07 11:17:57",
    "차트유형": "주봉"
  },
  "종합분석점수": {
    "점수": 70,
    "요약": "중기적으로는 상승 추세를 유지하고 있으나, 최근 주가 하락과 거래량 감소로 인해 단기적인 조정 가능성 존재"
  },
  "이번주봉": {
    "종가": "4430",
    "등락률": "-0.11%",
    "거래량": "102281",
    "주요특징": "이번 주는 4300원대 저점을 형성한 후 소폭 상승 마감. 거래량은 최근 몇 주에 비해 현저히 감소. 4500원 부근 저항선을 돌파하지 못하고 횡보하는 모습을 보임."
  },
  "핵심기술적지표": {
    "이동평균선정배열": "아니오",
    "골든데드크로스": "아니오",
    "Stochastic상태": " %K: 30, %D: 35 (과매도 구간 근접)",
    "볼린저밴드": "밴드 폭이 좁아짐"
  },
  "세부분석": {
    "가격및거래량": {
      "거래량비교": "최근 4주 평균 거래량 대비 30% 수준으로 감소",
      "박스권분석": "4300원에서 4800원 사이의 박스권에서 벗어나지 못하고 있음. 최근 주가 하락은 4300원대 지지선에서 지지받고 있으나, 거래량이 감소하면서 추세 전환 신호로 보기엔 미흡함."
    },
    "이동평균선": {
      "현재가위치": "현재 주가는 5주선, 20주선 아래에 위치하고 있으나, 60주선은 상회하고 있음.",
      "20주선역할": "20주선은 단기적으로 저항선 역할을 하고 있으며, 이를 상향 돌파해야 중기 상승 추세가 지속될 가능성이 높음"
    },
    "모멘텀": {
      "Stochastic분석": "Stochastic %K와 %D는 모두 낮은 수치를 기록하여 모멘텀이 약함을 나타냄. 과매도권에 근접하였으나 아직 진입하지 않음.",
      "볼린저밴드분석": "볼린저밴드 폭이 좁아지고 있어 향후 변동성 확대 가능성이 높음. 주가가 밴드 상단을 돌파할 경우 상승세가 강화될 수 있으나, 하단을 이탈할 경우 추가 하락 가능성이 높음"
    }
  },
  "중기투자아이디어": {
    "추세요약": "금강철강은 중장기적으로 상승 추세를 유지하고 있으나, 최근 주가 하락과 거래량 감소로 단기 조정 가능성이 높은 상황임. 4300원대 지지선을 유지할 경우 중장기 상승 가능성을 기대해 볼 수 있으나, 지지선 이탈시 추가 하락 가능성이 존재하므로 신중한 접근이 필요함.",
    "매매시그널": "4300원대 지지선을 확인하고 20주선을 상향 돌파하는 모습을 확인 후 매수를 고려.  4300원선 이탈 시 손절매 고려.  단기적인 관점에서 접근해야 하며, 중장기적 관점은 유지"
  }
}