{
  "종목정보": {
    "종목명": "SK하이닉스",
    "종목번호": "000660",
    "분석일시": "2025-08-19 13:48:16",
    "차트유형": "일봉"
  },
  "오늘의일봉": {
    "종가": "265,500원",
    "등락률": "-0.75%",
    "거래량": "854,235주",
    "주요특징": "전일 대비 소폭 하락 마감. 거래량은 최근 평균 거래량보다 현저히 적어 시장의 관망세가 짙게 나타나고 있으며, 270,000원 부근에서 매물이 출회되는 모습을 보였다."
  },
  "핵심기술적지표": {
    "이동평균선정배열": "아니오. 주가는 5일선, 20일선, 60일선 모두 아래에 위치하며 역배열 상태입니다. 단기적으로는 약세 흐름이 지속되고 있음을 시사합니다.",
    "골든데드크로스": "아니오. 최근 골든 크로스나 데드 크로스는 발생하지 않았습니다.  추세 전환의 명확한 신호는 아직 나타나지 않고 있습니다.",
    "MACD상태": "MACD는 -2,000 수준, 시그널은 -1,000 수준으로 MACD 선이 시그널 선 아래에 위치하며,  MACD 히스토그램은 음수 영역을 유지하고 있어 약한 하락 모멘텀이 지속되고 있음을 나타냅니다.",
    "RSI상태": "RSI는 50 이하의 중립 수준을 유지하고 있으며, 과매도 영역에 진입하지는 않았습니다. 다이버전스는 관찰되지 않습니다.",
    "볼린저밴드": "볼린저 밴드 폭은 최근 다소 좁아지는 경향을 보이며, 주가는 중간 밴드 아래에 위치하고 있습니다.  단기적인 변동성 축소 후 추세 전환 가능성을 암시할 수 있으나, 현재로서는 확신할 수 없습니다."
  },
  "세부분석": {
    "가격및거래량": {
      "거래량비교": "최근 5일 평균 거래량 2,188,681주 대비 39% 수준으로 매우 낮은 거래량을 기록했습니다. 이는 시장 참여자들의 관망세가 강함을 의미합니다.",
      "주요가격대": "270,000원 부근에서 상당한 매물대가 존재하며, 이 가격대를 돌파하지 못하고 하락 전환했습니다.  260,000원 부근은 지지선 역할을 할 가능성이 있습니다."
    },
    "이동평균선": {
      "현재가위치": "현재 주가(265,500원)는 5일선(269,000원), 20일선(271,000원), 60일선(267,000원) 모두 아래에 위치합니다.  단기 및 중기 추세는 약세를 유지하고 있습니다.",
      "밀집도": "이동평균선들은 다소 밀집되어 있으며, 이는 향후 변동성 확대 가능성을 시사합니다."
    },
    "모멘텀": {
      "MACD분석": "MACD 선이 시그널 선 아래에 위치하며, 음수 영역을 유지하고 있습니다.  이는 약한 하락 모멘텀을 나타냅니다. MACD 오실레이터는 하락 추세를 유지하고 있습니다.",
      "RSI분석": "RSI는 50 이하 수준으로 중립적입니다. 과매수/과매도 영역에 진입하지 않았으며, 가격과 지표 간의 다이버전스는 관찰되지 않습니다."
    }
  },
  "단기투자아이디어": {
    "추세요약": "SK하이닉스는 최근 상승 추세 이후 조정 국면에 진입했으며, 거래량 감소와 함께 관망세가 강하게 나타나고 있습니다. 단기적인 약세 흐름이 우세합니다.",
    "매매시그널": "260,000원 부근의 지지 여부를 확인할 필요가 있으며, 260,000원 이탈 시 추가 하락 가능성이 높으므로 매도를 고려해야 합니다. 반대로 270,000원을 상향 돌파할 경우 매수를 고려할 수 있습니다."
  }
}