[
  {
    "stock_name": "267270",
    "chart_type": "일봉",
    "analysis_score": 75,
    "summary": "267270 종목 분석이 완료되었습니다.",
    "detailed_analysis": "267270 종목의 일봉 차트 분석이 성공적으로 완료되었습니다.",
    "timestamp": "2025-08-06T14:52:55.791955",
    "batch_id": "batch_1754459562",
    "stock_code": "267270",
    "processed_at": "2025-08-06T14:52:55.791989"
  },
  {
    "stock_name": "443060",
    "chart_type": "일봉",
    "analysis_score": 75,
    "summary": "443060 종목 분석이 완료되었습니다.",
    "detailed_analysis": "443060 종목의 일봉 차트 분석이 성공적으로 완료되었습니다.",
    "timestamp": "2025-08-06T14:53:19.689455",
    "batch_id": "batch_1754459562",
    "stock_code": "443060",
    "processed_at": "2025-08-06T14:53:19.689473"
  },
  {
    "stock_name": "071970",
    "chart_type": "일봉",
    "analysis_score": 75,
    "summary": "071970 종목 분석이 완료되었습니다.",
    "detailed_analysis": "071970 종목의 일봉 차트 분석이 성공적으로 완료되었습니다.",
    "timestamp": "2025-08-06T14:53:31.440269",
    "batch_id": "batch_1754459562",
    "stock_code": "071970",
    "processed_at": "2025-08-06T14:53:31.440289"
  },
  {
    "stock_name": "010620",
    "chart_type": "일봉",
    "analysis_score": 75,
    "summary": "010620 종목 분석이 완료되었습니다.",
    "detailed_analysis": "010620 종목의 일봉 차트 분석이 성공적으로 완료되었습니다.",
    "timestamp": "2025-08-06T14:53:58.991628",
    "batch_id": "batch_1754459562",
    "stock_code": "010620",
    "processed_at": "2025-08-06T14:53:58.991645"
  },
  {
    "stock_name": "322000",
    "chart_type": "일봉",
    "analysis_score": 75,
    "summary": "322000 종목 분석이 완료되었습니다.",
    "detailed_analysis": "322000 종목의 일봉 차트 분석이 성공적으로 완료되었습니다.",
    "timestamp": "2025-08-06T14:54:12.293103",
    "batch_id": "batch_1754459562",
    "stock_code": "322000",
    "processed_at": "2025-08-06T14:54:12.293119"
  },
  {
    "stock_name": "042670",
    "chart_type": "일봉",
    "analysis_score": 75,
    "summary": "042670 종목 분석이 완료되었습니다.",
    "detailed_analysis": "042670 종목의 일봉 차트 분석이 성공적으로 완료되었습니다.",
    "timestamp": "2025-08-06T14:54:46.417207",
    "batch_id": "batch_1754459562",
    "stock_code": "042670",
    "processed_at": "2025-08-06T14:54:46.417225"
  },
  {
    "stock_name": "267260",
    "chart_type": "일봉",
    "analysis_score": 75,
    "summary": "267260 종목 분석이 완료되었습니다.",
    "detailed_analysis": "267260 종목의 일봉 차트 분석이 성공적으로 완료되었습니다.",
    "timestamp": "2025-08-06T14:55:20.725288",
    "batch_id": "batch_1754459562",
    "stock_code": "267260",
    "processed_at": "2025-08-06T14:55:20.725304"
  }
]