{
  "종목정보": {
    "종목명": "유진기업",
    "종목번호": "023410",
    "분석일시": "2025-08-07 11:18:51",
    "차트유형": "일봉"
  },
  "종합분석점수": {
    "점수": 85,
    "요약": "단기 상승 모멘텀 유지, 매수 관망 후 상승 추세 확인 필요"
  },
  "오늘의일봉": {
    "종가": "3540",
    "등락률": "0.43%",
    "거래량": "71305",
    "주요특징": "소폭 상승 마감. 거래량 감소. 3500원대 지지 확인"
  },
  "핵심기술적지표": {
    "이동평균선정배열": "예",
    "골든데드크로스": "아니오",
    "MACD상태": "20 vs 15",
    "RSI상태": "55",
    "볼린저밴드": "수축 후 확장 국면 진입"
  },
  "세부분석": {
    "가격및거래량": {
      "거래량비교": "최근 5일 평균 거래량 15만주 대비 47.5% 수준으로 감소",
      "주요가격대": "3500원대 지지 확인.  3400원대는 강력한 지지선으로 작용할 가능성 높음."
    },
    "이동평균선": {
      "현재가위치": "5일선, 20일선, 60일선 모두 상회",
      "밀집도": "확산"
    },
    "모멘텀": {
      "MACD분석": "MACD선이 시그널선 위에 위치하며 상승 모멘텀 유지.  하지만 상승폭은 둔화되는 추세",
      "RSI분석": "RSI 55로 중립 수준. 과매수/과매도 영역 진입 아님.  다이버전스는 관찰되지 않음"
    }
  },
  "단기투자아이디어": {
    "추세요약": "단기적으로는 상승 추세를 유지하고 있으나, 모멘텀은 다소 약화되고 있음.",
    "매매시그널": "3500원대 지지선 확인 후, 추가 상승 여부를 관망하며 매수 접근. 3400원대 이탈 시 매도 고려"
  }
}