{
  "종목정보": {
    "종목명": "덴티움",
    "종목번호": "145720",
    "분석일시": "2025-08-07 11:19:03",
    "차트유형": "일봉"
  },
  "종합분석점수": {
    "점수": 65,
    "요약": "단기 약세 후 반등 시도, 추가 관찰 필요"
  },
  "오늘의일봉": {
    "종가": "63600",
    "등락률": "-0.47%",
    "거래량": "3858",
    "주요특징": "전일 대비 소폭 하락, 거래량 매우 저조. 64,000원대 지지 실패 후 63,000원대 지지 확인."
  },
  "핵심기술적지표": {
    "이동평균선정배열": "아니오",
    "골든데드크로스": "아니오",
    "MACD상태": "-1000 vs -1500",
    "RSI상태": "45",
    "볼린저밴드": "밴드 폭 축소 후 확대 국면 진입"
  },
  "세부분석": {
    "가격및거래량": {
      "거래량비교": "최근 5일 평균 거래량(29,000) 대비 13.3% 수준으로 매우 저조. 64,000원대 저항선 돌파 실패 후 63,000원대 지지 확인.",
      "주요가격대": "64,000원대는 단기 저항선으로 작용, 63,000원대는 단기 지지선으로 작용. 거래량 감소는 투자 심리 위축 가능성 시사."
    },
    "이동평균선": {
      "현재가위치": "주가는 5일선(63,200원) 아래, 20일선(64,500원) 아래, 60일선(67,000원) 아래에 위치.",
      "밀집도": "이동평균선은 다소 확산되어 향후 변동성 확대 가능성 시사."
    },
    "모멘텀": {
      "MACD분석": "MACD 선이 시그널 선 위에 있으나, 둘 다 0선 아래에 위치하여 모멘텀은 약함.  MACD 오실레이터는 양 전환 후 다시 음으로 전환, 추세는 약세로 판단.",
      "RSI분석": "RSI 수치 45는 과매수/과매도 구간에 진입하지 않았음. 가격과 RSI 지표 간 다이버전스는 관찰되지 않음."
    }
  },
  "단기투자아이디어": {
    "추세요약": "단기적으로는 약세 흐름이 지속되고 있으나, 63,000원대 지지선을 확인한 점은 긍정적. 추가적인 상승 모멘텀 확보 여부가 관건.",
    "매매시그널": "현재 매수 시그널은 부족하나, 63,000원대 지지선 지지 확인 후 거래량 증가와 함께 5일선 상향 돌파 시 매수를 고려할 수 있음. 64,000원대 돌파 실패 시 추가 하락 가능성 유의해야 함."
  }
}