{
  "종목정보": {
    "종목명": "삼성전자",
    "종목번호": "005930",
    "분석일시": "2025-08-07 11:19:12",
    "차트유형": "일봉"
  },
  "종합분석점수": {
    "점수": 85,
    "요약": "단기 상승 모멘텀 강세, 저점 확인 후 매수 시그널"
  },
  "오늘의일봉": {
    "종가": "70200",
    "등락률": "2.03%",
    "거래량": "8259840",
    "주요특징": "갭 상승 출발 후 상승세 유지, 거래량은 평균 이하"
  },
  "핵심기술적지표": {
    "이동평균선정배열": "예",
    "골든데드크로스": "아니오",
    "MACD상태": "100 vs 50",
    "RSI상태": "55",
    "볼린저밴드": "밴드 폭 축소 후 확장 시작"
  },
  "세부분석": {
    "가격및거래량": {
      "거래량비교": "최근 5일 평균 거래량 18,472,636주 대비 45% 수준",
      "주요가격대": "69000원 부근에서 지지선 확인 후 상승"
    },
    "이동평균선": {
      "현재가위치": "5일선, 20일선, 60일선 모두 상회",
      "밀집도": "확산 후 밀집되는 추세"
    },
    "모멘텀": {
      "MACD분석": "MACD선이 시그널선을 상회하며 강한 상승 모멘텀을 유지.  양 전환 후 지속 상승중",
      "RSI분석": "RSI 55로 중립권. 과매수/과매도 구간 진입 X. 다이버전스 미확인"
    }
  },
  "단기투자아이디어": {
    "추세요약": "단기적으로는 상승 추세를 유지할 가능성이 높으나, 과열 우려 존재.",
    "매매시그널": "70,000원 부근 지지 확인 후 매수 진입. 69,000원 이하 하락시 매수 포지션 청산 고려"
  }
}