{
  "종목정보": {
    "종목명": "YG-1",
    "종목번호": "019210",
    "분석일시": "2025-08-07 11:18:42",
    "차트유형": "일봉"
  },
  "종합분석점수": {
    "점수": 85,
    "요약": "단기 상승 모멘텀 강세, 매수 시그널 존재"
  },
  "오늘의일봉": {
    "종가": "5770",
    "등락률": "1.76%",
    "거래량": "24312",
    "주요특징": "전일 대비 상승 마감. 거래량은 평균 이하이나, 5700원대 지지 후 상승세 재개."
  },
  "핵심기술적지표": {
    "이동평균선정배열": "예",
    "골든데드크로스": "아니오",
    "MACD상태": "15 vs 10",
    "RSI상태": "60",
    "볼린저밴드": "밴드 폭 축소 후 확장 시작"
  },
  "세부분석": {
    "가격및거래량": {
      "거래량비교": "최근 5일 평균 거래량(47,248) 대비 51.3% 수준. 평균 이하 거래량.",
      "주요가격대": "5700원대는 강력한 지지선 역할. 5800원 돌파 시도는 실패했지만, 5700원 지지 후 상승세 재개."
    },
    "이동평균선": {
      "현재가위치": "5일선(5700) 상회, 20일선(5650) 상회, 60일선(5400) 상회",
      "밀집도": "5일선과 20일선은 약간 밀집, 60일선과는 확산"
    },
    "모멘텀": {
      "MACD분석": "MACD선이 시그널선 위에 위치하며 양의 영역에 있으나, 상승세는 다소 둔화. 모멘텀은 강세이나, 과열 가능성 존재.",
      "RSI분석": "RSI 60으로 중립 구간. 과매수/과매도 구간 진입 X. 다이버전스 없음."
    }
  },
  "단기투자아이디어": {
    "추세요약": "단기적으로 상승 추세 유지,  5700원대 지지선 확인 후 상승 모멘텀 강세를 보이고 있으나, 과열 가능성도 존재한다.",
    "매매시그널": "5700원대 지지 확인 후 5800원 돌파 시 추가 상승 가능성 높음. 매수 시그널.  단, 5700원 이하 하락시 매도 고려."
  }
}