{
  "종목정보": {
    "종목명": "금강철강",
    "종목번호": "014280",
    "분석일시": "2025-08-07 11:19:23",
    "차트유형": "일봉"
  },
  "종합분석점수": {
    "점수": 75,
    "요약": "단기적으로 약세 흐름, 저가 매수 기회 모색"
  },
  "오늘의일봉": {
    "종가": "4435",
    "등락률": "0.11%",
    "거래량": "22609",
    "주요특징": "소폭 상승 마감. 거래량 감소. 4400원대 지지 확인"
  },
  "핵심기술적지표": {
    "이동평균선정배열": "아니오",
    "골든데드크로스": "아니오",
    "MACD상태": "20 vs 30",
    "RSI상태": "45",
    "볼린저밴드": "수축 후 확대 국면 진입"
  },
  "세부분석": {
    "가격및거래량": {
      "거래량비교": "최근 5일 평균 거래량 6만주 대비 2.2만주로, 37% 수준. 매우 저조한 거래량.",
      "주요가격대": "4300원대는 강력한 지지선 역할을 했으나, 4500원대 돌파는 실패. 4400원대는 단기적인 저항대 형성 가능성"
    },
    "이동평균선": {
      "현재가위치": "주가는 5일선(4390원), 20일선(4400원), 60일선(4380원) 위에 위치. 60일선과 20일선은 거의 일치하며 수렴중",
      "밀집도": "밀집 상태에서 점차 확산 추세"
    },
    "모멘텀": {
      "MACD분석": "MACD는 시그널선 아래 위치하며 약세 모멘텀.  MACD 히스토그램은 음영을 유지. 추세는 약세",
      "RSI분석": "RSI는 45 수준으로 과매수/과매도 영역에 진입하지 않음. 가격과 지표 간 다이버전스는 관찰되지 않음."
    }
  },
  "단기투자아이디어": {
    "추세요약": "단기적으로는 약세 흐름이지만, 4300원대 지지선을 유지하며 저항선인 4500원대 돌파 시도를 할 것으로 예상. ",
    "매매시그널": "4300원대 지지선이 무너지지 않는다면 4300원 부근에서 분할 매수를 고려해 볼 수 있으나, 4500원 돌파 실패시 손절매 계획 수립 필요.  4500원 돌파 시 추가 상승 가능성을 염두에 두고 매수 전략 설정 필요."
  }
}