{
  "종목정보": {
    "종목명": "SK하이닉스",
    "종목번호": "000660",
    "분석일시": "2025-08-07 16:58:05",
    "차트유형": "주봉"
  },
  "종합분석점수": {
    "점수": 75,
    "요약": "중기 상승 추세 유지 가능성 높으나, 박스권 상단 돌파 여부가 관건"
  },
  "이번주봉": {
    "종가": "262000",
    "등락률": "0.00%",
    "거래량": "6391249",
    "주요특징": "지난주 262,000원으로 마감. 250,000원 부근에서 지지받으며 소폭 상승 후 보합세를 유지. 거래량은 감소세를 보이며 주가의 움직임이 제한적인 모습."
  },
  "핵심기술적지표": {
    "이동평균선정배열": "아니오",
    "골든데드크로스": "아니오",
    "Stochastic상태": "%K: 30, %D: 35",
    "볼린저밴드": "밴드 폭 축소"
  },
  "세부분석": {
    "가격및거래량": {
      "거래량비교": "최근 4주 평균 거래량 대비 30% 수준으로 감소.  매수세 약화 가능성을 시사.",
      "박스권분석": "250,000원에서 270,000원 사이의 박스권에서 움직임. 현재 박스권 하단에 위치하며, 상단 돌파 여부가 중요한 매수 시그널이 될 것."
    },
    "이동평균선": {
      "현재가위치": "현재 주가(262,000원)는 5주선(260,000원) 위, 20주선(265,000원) 아래, 60주선(275,000원) 아래에 위치.",
      "20주선역할": "20주선은 단기적으로 저항선 역할을 할 가능성이 높음. 상향 돌파 시 추가 상승을 기대할 수 있음."
    },
    "모멘텀": {
      "Stochastic분석": "Stochastic %K와 %D는 모두 과매도 영역에 진입하지 않았으며, %K가 %D를 하향 이탈하지 않아 모멘텀은 약하지만, 매수세 완전히 소멸된 것은 아님.",
      "볼린저밴드분석": "볼린저밴드 폭이 축소되고 있어 단기 변동성 축소 및 추세 전환 가능성을 시사.  박스권 탈출 후 방향성 확인이 필요."
    }
  },
  "중기투자아이디어": {
    "추세요약": "SK하이닉스는 250,000원대 지지선을 확인하며 중기 상승 추세를 유지할 가능성이 있으나, 박스권 상단 돌파 실패 시 하락 가능성도 존재.",
    "매매시그널": "270,000원 박스권 상단 돌파 시 매수 시그널로 작용할 가능성이 높음.  250,000원 지지선 이탈 시 매도 또는 손절매 고려 필요."
  }
}