{
  "종목정보": {
    "종목명": "뱅크웨어글로벌",
    "종목번호": "199480",
    "분석일시": "2025-08-07 16:58:48",
    "차트유형": "주봉"
  },
  "종합분석점수": {
    "점수": 75,
    "요약": "중기 하락 추세 지속 중이나 저가 매수 기회 존재"
  },
  "이번주봉": {
    "종가": "6970",
    "등락률": "0.00%",
    "거래량": "440209",
    "주요특징": "지난주와 동일한 종가를 기록하며 거래량이 매우 감소했습니다. 60주선 부근에서 지지부진한 흐름을 보이고 있습니다. 뚜렷한 박스권 돌파 시도는 없었습니다."
  },
  "핵심기술적지표": {
    "이동평균선정배열": "아니오",
    "골든데드크로스": "아니오",
    "Stochastic상태": "%K: 25, %D: 20",
    "볼린저밴드": "밴드 폭이 다소 좁아지는 추세"
  },
  "세부분석": {
    "가격및거래량": {
      "거래량비교": "최근 4주 평균 거래량 대비 10% 미만 수준의 매우 저조한 거래량을 보임",
      "박스권분석": "장기간 하락 추세를 보이며, 최근 몇 주 동안 6,800원 ~ 7,300원 사이의 좁은 박스권을 형성하고 있으나, 뚜렷한 상승 돌파 시도는 없음"
    },
    "이동평균선": {
      "현재가위치": "현재 주가(6970)는 5주선(7000) 아래, 20주선(7500) 아래, 60주선(8000) 아래에 위치",
      "20주선역할": "20주선은 현재 강력한 저항선으로 작용하고 있음"
    },
    "모멘텀": {
      "Stochastic분석": "Stochastic %K, %D 모두 과매도 영역에 진입하지 않았으나, 모멘텀은 다소 약한 상태임",
      "볼린저밴드분석": "볼린저밴드 폭이 좁아지고 있는 것은 향후 변동성 확대 가능성을 시사함. 이는 상승 또는 하락 방향으로의 급격한 변동을 의미할 수 있음"
    }
  },
  "중기투자아이디어": {
    "추세요약": "뱅크웨어글로벌은 중장기적으로 약세를 보이고 있으나, 현재 가격대는 저가 매수를 고려해 볼만한 구간임",
    "매매시그널": "6,800원 부근까지 하락 시 저가 매수를 고려해 볼 수 있음.  단, 20주선(7,500원)을 상향 돌파하지 못하면 추가 하락 가능성을 고려해야 함. 7,300원을 상회하는 강한 상승 움직임이 나타나지 않으면 매도를 고려해야 함"
  }
}