{
  "종목정보": {
    "종목명": "다날",
    "종목번호": "064260",
    "분석일시": "2025-08-07 16:58:31",
    "차트유형": "주봉"
  },
  "종합분석점수": {
    "점수": 75,
    "요약": "중기 상승 추세 유지, 8,000원대 지지선 확인 후 상승 모멘텀 재확인 필요"
  },
  "이번주봉": {
    "종가": "8140",
    "등락률": "0.49%",
    "거래량": "7415587",
    "주요특징": "8,000원대 지지선을 확인하며 소폭 상승. 거래량 감소는 상승 모멘텀 약화 가능성 시사."
  },
  "핵심기술적지표": {
    "이동평균선정배열": "아니오",
    "골든데드크로스": "아니오",
    "Stochastic상태": " %K: 55, %D: 45 (과매수/과매도 구간 아님)",
    "볼린저밴드": "밴드 폭 축소 후 확대되는 추세. 변동성 확대 가능성."
  },
  "세부분석": {
    "가격및거래량": {
      "거래량비교": "최근 4주 평균 거래량 대비 약 10% 수준으로 감소",
      "박스권분석": "8,000원대에서 9,000원대 박스권 형성 후 하단부에서 지지받는 모습.  상단 돌파 여부가 관건."
    },
    "이동평균선": {
      "현재가위치": "주가(8140)는 5주선(8200) 아래, 20주선(8500) 아래, 60주선(9000) 아래에 위치",
      "20주선역할": "단기적으로는 저항선 역할, 중장기적으로는 지지선으로 전환될 가능성 존재."
    },
    "모멘텀": {
      "Stochastic분석": "%K와 %D는 골든크로스 직전이며, 모멘텀은 약하지만 상승 가능성을 암시.",
      "볼린저밴드분석": "볼린저밴드 폭 축소 후 확대되는 추세는 변동성 확대 가능성을 시사. 상승 또는 하락 폭이 커질 수 있음."
    }
  },
  "중기투자아이디어": {
    "추세요약": "8,000원대 지지선을 확인했으나, 상승 모멘텀이 약화되고 있어 중기적 상승 추세는 유지되나 불확실성이 존재.",
    "매매시그널": "8,000원대 지지선 지지 확인 후 20주선 돌파 시 매수 시그널 고려.  20주선 이탈 시 손절매 고려.  거래량 증가 없이는 강한 상승세 기대 어려움."
  }
}