{
  "종목정보": {
    "종목명": "신한지주",
    "종목번호": "055550",
    "분석일시": "2025-08-07 16:59:03",
    "차트유형": "주봉"
  },
  "종합분석점수": {
    "점수": 75,
    "요약": "중기 상승 추세 유지, 박스권 상단 돌파 시도 후 조정 국면"
  },
  "이번주봉": {
    "종가": "69200",
    "등락률": "0.00",
    "거래량": "3153082",
    "주요특징": "이번 주는 전주 대비 보합세를 유지하며 69,200원에 마감. 거래량은 감소하였으며, 6만원 후반대의 박스권 상단부근에서 움직임을 보였다. 상승 모멘텀 약화 가능성을 시사한다."
  },
  "핵심기술적지표": {
    "이동평균선정배열": "예",
    "골든데드크로스": "아니오",
    "Stochastic상태": " %K: 70, %D: 65 (과매수 영역에 진입하지 않음)",
    "볼린저밴드": "밴드 폭이 다소 좁아지는 추세 (변동성 축소 가능성)"
  },
  "세부분석": {
    "가격및거래량": {
      "거래량비교": "최근 4주 평균 거래량 대비 30% 수준으로 감소",
      "박스권분석": "최근 4주간 6만원 후반대에서 7만원 초반대 박스권을 형성. 이번 주는 박스권 상단을 터치했으나, 돌파하지 못하고 소폭 조정을 받는 모습을 보였다."
    },
    "이동평균선": {
      "현재가위치": "현재가(69200)는 5주선(68000), 20주선(66500), 60주선(65000) 모두 상회하며 정배열을 유지",
      "20주선역할": "20주선은 강력한 지지선 역할을 수행하며, 하락 시 매수 기회를 제공할 가능성이 높음."
    },
    "모멘텀": {
      "Stochastic분석": "Stochastic %K와 %D는 모두 80 아래에 위치하며 과매수 상태는 아니나, %K선이 %D선과의 갭을 줄여 모멘텀 약화를 시사",
      "볼린저밴드분석": "볼린저밴드 폭이 좁아지고 있는 추세는 단기적인 변동성 축소 가능성을 시사하나, 추세 전환으로 이어질지는 추가 관찰 필요."
    }
  },
  "중기투자아이디어": {
    "추세요약": "신한지주는 중장기적으로 상승 추세를 유지하고 있으나, 단기적으로는 박스권 상단 부근에서 조정을 받을 가능성이 존재한다.",
    "매매시그널": "현재 가격은 매수 관망권이나 20주선 지지 여부에 따라 매수 시그널을 고려할 수 있다.  20주선 이탈 시 추가 하락 가능성을 고려하여 손절매 계획을 수립해야 한다.  박스권 상단 돌파시 추가 상승 가능성을 고려할 수 있다."
  }
}