{
  "종목정보": {
    "종목명": "폴라리스세원",
    "종목번호": "234100",
    "분석일시": "2025-08-07 16:58:18",
    "차트유형": "주봉"
  },
  "종합분석점수": {
    "점수": 65,
    "요약": "중장기 하락 추세 지속, 단기 반등 가능성 존재, 매수 시점 판단은 신중해야 함"
  },
  "이번주봉": {
    "종가": "1362",
    "등락률": "5.58",
    "거래량": "1529022",
    "주요특징": "지난주 1290원 종가 대비 상승 마감. 거래량은 감소. 1300원대 저항선을 돌파하는 모습을 보였으나, 추세 전환을 확인하기에는 부족."
  },
  "핵심기술적지표": {
    "이동평균선정배열": "아니오",
    "골든데드크로스": "아니오",
    "Stochastic상태": "%K: 35, %D: 30 (과매도 구간 아님)",
    "볼린저밴드": "밴드 폭은 다소 좁아지는 추세 (단기 변동성 축소 가능성)"
  },
  "세부분석": {
    "가격및거래량": {
      "거래량비교": "최근 4주 평균 거래량 대비 15% 수준으로 현저히 감소",
      "박스권분석": "장기적으로는 1000원대 중반~2000원대 초반의 하락 추세 지속. 최근 4주간 1200원대 중반~1400원대 초반의 박스권에서 움직임.  1300원대 저항선 돌파 시도는 있었으나, 상승 모멘텀이 약함."
    },
    "이동평균선": {
      "현재가위치": "현재 주가(1362)는 5주선(1300), 20주선(1500), 60주선(2000) 아래에 위치",
      "20주선역할": "20주선은 현재 강력한 저항선으로 작용할 가능성이 높음."
    },
    "모멘텀": {
      "Stochastic분석": "Stochastic %K와 %D는 35, 30으로, 과매도 구간은 아니지만 모멘텀은 약함.  추세 전환에 대한 명확한 신호는 없음.",
      "볼린저밴드분석": "볼린저밴드 폭이 좁아지는 것은 단기 변동성 축소 가능성을 시사하지만, 추세 반전을 보장하지는 않음."
    }
  },
  "중기투자아이디어": {
    "추세요약": "폴라리스세원은 중장기적으로 하락 추세를 보이고 있으며, 단기적으로 1300원대 저항선을 돌파했지만 추세 전환을 확인하기에는 부족한 상황.",
    "매매시그널": "현재 시점에서는 매수보다는 신중한 관망 전략이 바람직하며, 20주선(약 1500원) 돌파 여부와 거래량 증가를 확인 후 매수를 고려할 수 있음. 1200원대 하단 지지선 이탈 시 추가적인 하락 가능성을 고려해야 함."
  }
}