{
  "종목정보": {
    "종목명": "신한지주",
    "종목번호": "055550",
    "분석일시": "2025-08-20 10:48:27",
    "차트유형": "일봉"
  },
  "오늘의일봉": {
    "종가": "66,000원",
    "등락률": "-2.08%",
    "거래량": "447,588주",
    "주요특징": "최근 상승세 이후 하락 전환, 거래량 감소세 지속. 6만원대 중반 지지 실패 후 추가 하락 압력 증가. 시장 관망세 심화."
  },
  "핵심기술적지표": {
    "이동평균선정배열": "아니오. 주가는 5일선(67,400원), 20일선(68,600원), 60일선(69,000원) 아래에 위치하며 역배열 상태. 단기, 중기 추세 모두 하락세로 전환.",
    "골든데드크로스": "아니오. 최근 골든크로스나 데드크로스는 발생하지 않았으나, 5일선이 20일선을 하향 돌파하는 데드크로스 가능성 존재. 이는 추가 하락 가능성을 시사.",
    "MACD상태": "MACD (-1200) vs 시그널 (-1000). MACD 선이 시그널 선 아래에 위치하며, MACD 히스토그램은 음수 영역을 유지. 약한 하락 모멘텀 지속.",
    "RSI상태": "RSI 35. 과매도 구간에 근접.  추세 반전 가능성을 시사하지만, 거래량 감소세를 고려할 때, 반전 신호로 보기에는 아직 이르다.",
    "볼린저밴드": "밴드 폭 확대. 주가는 하단 밴드 근처에 위치. 높은 변동성 유지, 추가 하락 가능성 존재."
  },
  "세부분석": {
    "가격및거래량": {
      "거래량비교": "최근 5일 평균 거래량 967,653주 대비 46.2% 수준으로, 거래량이 현저히 감소. 시장의 관망세 강함.",
      "주요가격대": "6만원대 중반에서 지지부진한 흐름 이후 6만원대 초반으로 하락. 6만원대 초반은 단기적인 지지선 역할을 할 가능성이 있으나, 거래량 부족으로 지지력 약화 가능성 높음."
    },
    "이동평균선": {
      "현재가위치": "주가는 5일선(67,400원), 20일선(68,600원), 60일선(69,000원) 아래에 위치. 단기 및 중장기 추세 모두 하락세.",
      "밀집도": "이동평균선들은 다소 확산되어 있으며, 이는 단기적인 변동성이 확대될 가능성을 시사."
    },
    "모멘텀": {
      "MACD분석": "MACD 선이 시그널 선 아래에 위치하며 음수 영역을 유지. 하락 모멘텀이 약화되고 있으나, 완전히 소멸되지는 않음.",
      "RSI분석": "RSI 35는 과매도 구간에 근접해 있으나, 아직 과매도 상태는 아님. 가격과 지표 간의 다이버전스는 관찰되지 않음."
    }
  },
  "단기투자아이디어": {
    "추세요약": "단기적으로는 하락세 지속 가능성이 높으나, 과매도 구간 근접과 거래량 감소는 반전 가능성도 존재. 변동성 확대 상황.",
    "매매시그널": "6만원대 초반 지지 여부가 중요. 6만원대 초반 이탈 시 추가 하락 가능성 높으므로 매도 고려. 6만 8천원대 돌파 시 매수 고려.  거래량 증가 없이는 반등 지속 어려울 것으로 예상."
  }
}