{
  "종목정보": {
    "종목명": "신한금융지주",
    "종목번호": "055550",
    "분석일시": "2025-08-07 16:33:23",
    "차트유형": "일봉"
  },
  "종합분석점수": {
    "점수": 85,
    "요약": "단기 상승 모멘텀 유지, 추가 상승 가능성 존재, 매수 관망"
  },
  "오늘의일봉": {
    "종가": "69200",
    "등락률": "0.73%",
    "거래량": "1103485",
    "주요특징": "소폭 상승 마감. 거래량은 평균 수준. 69000원대 지지 확인."
  },
  "핵심기술적지표": {
    "이동평균선정배열": "예",
    "골든데드크로스": "아니오",
    "MACD상태": "1500 vs 1200",
    "RSI상태": "65",
    "볼린저밴드": "밴드 폭 축소 후 확대"
  },
  "세부분석": {
    "가격및거래량": {
      "거래량비교": "평균 거래량 대비 10% 증가",
      "주요가격대": "65000원대 지지 후 상승. 69000원대 저항 확인."
    },
    "이동평균선": {
      "현재가위치": "5일선, 20일선, 60일선 모두 상회",
      "밀집도": "밀집"
    },
    "모멘텀": {
      "MACD분석": "MACD선이 시그널선 위에 위치하며 양의 영역에 있으나 상승폭 둔화, 모멘텀 강세 유지. ",
      "RSI분석": "RSI 65로 과매수 영역 진입하지 않음. 다이버전스 없음."
    }
  },
  "단기투자아이디어": {
    "추세요약": "단기적으로 상승 추세를 유지하고 있으나, 모멘텀은 다소 둔화되고 있음.",
    "매매시그널": "69000원대 저항 돌파 여부 관찰 후 매수 여부 결정. 65000원대 이탈 시 매도 고려."
  }
}