{
  "종목정보": {
    "종목명": "알 수 없음 (234100)",
    "종목번호": "234100",
    "분석일시": "2025-08-07 16:33:00",
    "차트유형": "일봉"
  },
  "종합분석점수": {
    "점수": 70,
    "요약": "단기적으로 약세 흐름 지속, 저가 매수 기회 모색"
  },
  "오늘의일봉": {
    "종가": "1290",
    "등락률": "0.08%",
    "거래량": "463451",
    "주요특징": "소폭 상승 마감. 거래량 감소. 뚜렷한 가격 변동 없음."
  },
  "핵심기술적지표": {
    "이동평균선정배열": "아니오",
    "골든데드크로스": "아니오",
    "MACD상태": "-10 vs -15",
    "RSI상태": "45",
    "볼린저밴드": "수축"
  },
  "세부분석": {
    "가격및거래량": {
      "거래량비교": "최근 5일 평균 거래량 대비 낮음 (약 50%)",
      "주요가격대": "1280~1300 사이에서 등락 반복. 1300 돌파 실패.  거래량이 급증했던 특정 가격대는 없음"
    },
    "이동평균선": {
      "현재가위치": "5일선, 20일선, 60일선 모두 아래에 위치",
      "밀집도": "밀집"
    },
    "모멘텀": {
      "MACD분석": "MACD는 시그널 라인보다 낮지만, 최근 0선을 향해 상승하는 모습을 보이고 있어 약한 매수세를 나타내고 있음",
      "RSI분석": "RSI는 45로 중립 수준, 과매수/과매도 구간에 진입하지 않음.  다이버전스는 관찰되지 않음."
    }
  },
  "단기투자아이디어": {
    "추세요약": "단기적으로는 약세 흐름이 지속되고 있지만, 최근 MACD 지표의 변화로 약한 매수세가 나타나고 있으며, 저가 매수 기회를 모색할 수 있는 구간이다.",
    "매매시그널": "현재 가격대에서 매수 시그널은 약하지만, 1270 이하 지지선 확인 후 저가 매수 전략을 고려해 볼 수 있다. 1300선 돌파 실패 시 추가 하락 가능성 유의. 손절선 설정은 필수."
  }
}