{
  "종목정보": {
    "종목명": "SK하이닉스",
    "종목번호": "000660",
    "분석일시": "2025-08-07 16:32:49",
    "차트유형": "일봉"
  },
  "종합분석점수": {
    "점수": 85,
    "요약": "단기 상승 모멘텀은 강하나, 과매수 우려 존재. 265,000원 지지 여부 관찰 필요"
  },
  "오늘의일봉": {
    "종가": "262,000",
    "등락률": "1.35",
    "거래량": "2,710,089",
    "주요특징": "갭 상승 후 소폭 상승 마감. 265,000원 부근 저항 확인"
  },
  "핵심기술적지표": {
    "이동평균선정배열": "예",
    "골든데드크로스": "아니오",
    "MACD상태": "8000 vs 6000",
    "RSI상태": "65",
    "볼린저밴드": "밴드 폭 확대 후 축소되는 양상"
  },
  "세부분석": {
    "가격및거래량": {
      "거래량비교": "평균 거래량 대비 110% 수준",
      "주요가격대": "265,000원 부근에서 저항 확인. 최근 상승 추세 지속 여부 관건"
    },
    "이동평균선": {
      "현재가위치": "5일선, 20일선, 60일선 모두 상회",
      "밀집도": "확산 상태에서 밀집으로 전환 중"
    },
    "모멘텀": {
      "MACD분석": "MACD선이 시그널선을 상회하며 강한 상승 모멘텀 유지. 히스토그램 역시 양수 유지",
      "RSI분석": "RSI 65로 과매수 구간 진입 직전. 다이버전스는 현재 관찰되지 않음"
    }
  },
  "단기투자아이디어": {
    "추세요약": "단기적으로는 상승 추세를 유지하고 있으나, 과매수 우려가 존재하며 265,000원 부근의 저항 돌파 여부가 중요하다.",
    "매매시그널": "265,000원 지지선을 확인하고 상승 돌파 시 추가 상승 가능성을 고려하여 매수. 260,000원 이하 지지 실패 시 단기 매도 고려"
  }
}