{
  "종목정보": {
    "종목명": "알 수 없음 (064260)",
    "종목번호": "064260",
    "분석일시": "2025-08-07 16:33:11",
    "차트유형": "일봉"
  },
  "종합분석점수": {
    "점수": 85,
    "요약": "단기 상승 추세 유지, 매수 관망"
  },
  "오늘의일봉": {
    "종가": "8100",
    "등락률": "-0.49%",
    "거래량": "1006554",
    "주요특징": "소폭 하락 마감. 거래량 감소. 8000원대 지지 확인"
  },
  "핵심기술적지표": {
    "이동평균선정배열": "예",
    "골든데드크로스": "아니오",
    "MACD상태": "100 vs 50",
    "RSI상태": "50",
    "볼린저밴드": "밴드 폭 축소 후 확대 국면 진입"
  },
  "세부분석": {
    "가격및거래량": {
      "거래량비교": "최근 5일 평균 거래량 3,000,000주 대비 33.5% 수준으로 감소",
      "주요가격대": "8000원대 지지선 확인. 8000원 이하 추가 하락시 매수 관망"
    },
    "이동평균선": {
      "현재가위치": "주가는 5일선(8120원), 20일선(7800원), 60일선(7000원) 위에 위치",
      "밀집도": "이동평균선은 다소 확산 상태"
    },
    "모멘텀": {
      "MACD분석": "MACD 선이 시그널 선 위에 위치하여 상승 모멘텀 유지.  그러나 최근 상승폭 둔화",
      "RSI분석": "RSI 50 수준으로 중립적인 영역. 과매수/과매도 없음. 다이버전스 없음"
    }
  },
  "단기투자아이디어": {
    "추세요약": "단기적으로는 상승 추세를 유지하고 있으나, 모멘텀이 다소 약화되고 거래량이 감소하는 모습을 보임.",
    "매매시그널": "8000원대 지지선을 확인하고 추가 하락 시 매수 관망.  8000원선 이탈시 매도 고려. 단기적인 이익 실현 후 재진입 전략 고려"
  }
}