[
  {
    "stock_name": "SK하이닉스",
    "stock_code": "000660",
    "chart_type": "일봉",
    "analysis_score": 85,
    "summary": "단기 상승 모멘텀은 강하나, 과매수 우려 존재. 265,000원 지지 여부 관찰 필요",
    "detailed_analysis": "000660 종목의 일봉 차트 분석이 성공적으로 완료되었습니다.",
    "timestamp": "2025-08-07T16:32:49.843951",
    "ai_analysis_file": "analysis_daily_000660_20250807_163249.json",
    "ai_analysis_data": {
      "종목정보": {
        "종목명": "SK하이닉스",
        "종목번호": "000660",
        "분석일시": "2025-08-07 16:32:49",
        "차트유형": "일봉"
      },
      "종합분석점수": {
        "점수": 85,
        "요약": "단기 상승 모멘텀은 강하나, 과매수 우려 존재. 265,000원 지지 여부 관찰 필요"
      },
      "오늘의일봉": {
        "종가": "262,000",
        "등락률": "1.35",
        "거래량": "2,710,089",
        "주요특징": "갭 상승 후 소폭 상승 마감. 265,000원 부근 저항 확인"
      },
      "핵심기술적지표": {
        "이동평균선정배열": "예",
        "골든데드크로스": "아니오",
        "MACD상태": "8000 vs 6000",
        "RSI상태": "65",
        "볼린저밴드": "밴드 폭 확대 후 축소되는 양상"
      },
      "세부분석": {
        "가격및거래량": {
          "거래량비교": "평균 거래량 대비 110% 수준",
          "주요가격대": "265,000원 부근에서 저항 확인. 최근 상승 추세 지속 여부 관건"
        },
        "이동평균선": {
          "현재가위치": "5일선, 20일선, 60일선 모두 상회",
          "밀집도": "확산 상태에서 밀집으로 전환 중"
        },
        "모멘텀": {
          "MACD분석": "MACD선이 시그널선을 상회하며 강한 상승 모멘텀 유지. 히스토그램 역시 양수 유지",
          "RSI분석": "RSI 65로 과매수 구간 진입 직전. 다이버전스는 현재 관찰되지 않음"
        }
      },
      "단기투자아이디어": {
        "추세요약": "단기적으로는 상승 추세를 유지하고 있으나, 과매수 우려가 존재하며 265,000원 부근의 저항 돌파 여부가 중요하다.",
        "매매시그널": "265,000원 지지선을 확인하고 상승 돌파 시 추가 상승 가능성을 고려하여 매수. 260,000원 이하 지지 실패 시 단기 매도 고려"
      }
    },
    "batch_id": "batch_1754551941",
    "processed_at": "2025-08-07T16:32:49.844162"
  },
  {
    "stock_name": "알 수 없음 (234100)",
    "stock_code": "234100",
    "chart_type": "일봉",
    "analysis_score": 70,
    "summary": "단기적으로 약세 흐름 지속, 저가 매수 기회 모색",
    "detailed_analysis": "234100 종목의 일봉 차트 분석이 성공적으로 완료되었습니다.",
    "timestamp": "2025-08-07T16:33:00.876366",
    "ai_analysis_file": "analysis_daily_234100_20250807_163300.json",
    "ai_analysis_data": {
      "종목정보": {
        "종목명": "알 수 없음 (234100)",
        "종목번호": "234100",
        "분석일시": "2025-08-07 16:33:00",
        "차트유형": "일봉"
      },
      "종합분석점수": {
        "점수": 70,
        "요약": "단기적으로 약세 흐름 지속, 저가 매수 기회 모색"
      },
      "오늘의일봉": {
        "종가": "1290",
        "등락률": "0.08%",
        "거래량": "463451",
        "주요특징": "소폭 상승 마감. 거래량 감소. 뚜렷한 가격 변동 없음."
      },
      "핵심기술적지표": {
        "이동평균선정배열": "아니오",
        "골든데드크로스": "아니오",
        "MACD상태": "-10 vs -15",
        "RSI상태": "45",
        "볼린저밴드": "수축"
      },
      "세부분석": {
        "가격및거래량": {
          "거래량비교": "최근 5일 평균 거래량 대비 낮음 (약 50%)",
          "주요가격대": "1280~1300 사이에서 등락 반복. 1300 돌파 실패.  거래량이 급증했던 특정 가격대는 없음"
        },
        "이동평균선": {
          "현재가위치": "5일선, 20일선, 60일선 모두 아래에 위치",
          "밀집도": "밀집"
        },
        "모멘텀": {
          "MACD분석": "MACD는 시그널 라인보다 낮지만, 최근 0선을 향해 상승하는 모습을 보이고 있어 약한 매수세를 나타내고 있음",
          "RSI분석": "RSI는 45로 중립 수준, 과매수/과매도 구간에 진입하지 않음.  다이버전스는 관찰되지 않음."
        }
      },
      "단기투자아이디어": {
        "추세요약": "단기적으로는 약세 흐름이 지속되고 있지만, 최근 MACD 지표의 변화로 약한 매수세가 나타나고 있으며, 저가 매수 기회를 모색할 수 있는 구간이다.",
        "매매시그널": "현재 가격대에서 매수 시그널은 약하지만, 1270 이하 지지선 확인 후 저가 매수 전략을 고려해 볼 수 있다. 1300선 돌파 실패 시 추가 하락 가능성 유의. 손절선 설정은 필수."
      }
    },
    "batch_id": "batch_1754551941",
    "processed_at": "2025-08-07T16:33:00.876661"
  },
  {
    "stock_name": "알 수 없음 (064260)",
    "stock_code": "064260",
    "chart_type": "일봉",
    "analysis_score": 85,
    "summary": "단기 상승 추세 유지, 매수 관망",
    "detailed_analysis": "064260 종목의 일봉 차트 분석이 성공적으로 완료되었습니다.",
    "timestamp": "2025-08-07T16:33:11.980545",
    "ai_analysis_file": "analysis_daily_064260_20250807_163311.json",
    "ai_analysis_data": {
      "종목정보": {
        "종목명": "알 수 없음 (064260)",
        "종목번호": "064260",
        "분석일시": "2025-08-07 16:33:11",
        "차트유형": "일봉"
      },
      "종합분석점수": {
        "점수": 85,
        "요약": "단기 상승 추세 유지, 매수 관망"
      },
      "오늘의일봉": {
        "종가": "8100",
        "등락률": "-0.49%",
        "거래량": "1006554",
        "주요특징": "소폭 하락 마감. 거래량 감소. 8000원대 지지 확인"
      },
      "핵심기술적지표": {
        "이동평균선정배열": "예",
        "골든데드크로스": "아니오",
        "MACD상태": "100 vs 50",
        "RSI상태": "50",
        "볼린저밴드": "밴드 폭 축소 후 확대 국면 진입"
      },
      "세부분석": {
        "가격및거래량": {
          "거래량비교": "최근 5일 평균 거래량 3,000,000주 대비 33.5% 수준으로 감소",
          "주요가격대": "8000원대 지지선 확인. 8000원 이하 추가 하락시 매수 관망"
        },
        "이동평균선": {
          "현재가위치": "주가는 5일선(8120원), 20일선(7800원), 60일선(7000원) 위에 위치",
          "밀집도": "이동평균선은 다소 확산 상태"
        },
        "모멘텀": {
          "MACD분석": "MACD 선이 시그널 선 위에 위치하여 상승 모멘텀 유지.  그러나 최근 상승폭 둔화",
          "RSI분석": "RSI 50 수준으로 중립적인 영역. 과매수/과매도 없음. 다이버전스 없음"
        }
      },
      "단기투자아이디어": {
        "추세요약": "단기적으로는 상승 추세를 유지하고 있으나, 모멘텀이 다소 약화되고 거래량이 감소하는 모습을 보임.",
        "매매시그널": "8000원대 지지선을 확인하고 추가 하락 시 매수 관망.  8000원선 이탈시 매도 고려. 단기적인 이익 실현 후 재진입 전략 고려"
      }
    },
    "batch_id": "batch_1754551941",
    "processed_at": "2025-08-07T16:33:11.980791"
  },
  {
    "stock_name": "199480",
    "chart_type": "일봉",
    "analysis_score": 0,
    "summary": "분석 실패: 차트 생성 실패",
    "detailed_analysis": "종목 199480 분석 중 오류가 발생했습니다. 오류: 차트 생성 실패",
    "timestamp": "2025-08-07T16:33:13.401043",
    "batch_id": "batch_1754551941",
    "stock_code": "199480",
    "processed_at": "2025-08-07T16:33:13.401055"
  },
  {
    "stock_name": "신한금융지주",
    "stock_code": "055550",
    "chart_type": "일봉",
    "analysis_score": 85,
    "summary": "단기 상승 모멘텀 유지, 추가 상승 가능성 존재, 매수 관망",
    "detailed_analysis": "055550 종목의 일봉 차트 분석이 성공적으로 완료되었습니다.",
    "timestamp": "2025-08-07T16:33:23.860337",
    "ai_analysis_file": "analysis_daily_055550_20250807_163323.json",
    "ai_analysis_data": {
      "종목정보": {
        "종목명": "신한금융지주",
        "종목번호": "055550",
        "분석일시": "2025-08-07 16:33:23",
        "차트유형": "일봉"
      },
      "종합분석점수": {
        "점수": 85,
        "요약": "단기 상승 모멘텀 유지, 추가 상승 가능성 존재, 매수 관망"
      },
      "오늘의일봉": {
        "종가": "69200",
        "등락률": "0.73%",
        "거래량": "1103485",
        "주요특징": "소폭 상승 마감. 거래량은 평균 수준. 69000원대 지지 확인."
      },
      "핵심기술적지표": {
        "이동평균선정배열": "예",
        "골든데드크로스": "아니오",
        "MACD상태": "1500 vs 1200",
        "RSI상태": "65",
        "볼린저밴드": "밴드 폭 축소 후 확대"
      },
      "세부분석": {
        "가격및거래량": {
          "거래량비교": "평균 거래량 대비 10% 증가",
          "주요가격대": "65000원대 지지 후 상승. 69000원대 저항 확인."
        },
        "이동평균선": {
          "현재가위치": "5일선, 20일선, 60일선 모두 상회",
          "밀집도": "밀집"
        },
        "모멘텀": {
          "MACD분석": "MACD선이 시그널선 위에 위치하며 양의 영역에 있으나 상승폭 둔화, 모멘텀 강세 유지. ",
          "RSI분석": "RSI 65로 과매수 영역 진입하지 않음. 다이버전스 없음."
        }
      },
      "단기투자아이디어": {
        "추세요약": "단기적으로 상승 추세를 유지하고 있으나, 모멘텀은 다소 둔화되고 있음.",
        "매매시그널": "69000원대 저항 돌파 여부 관찰 후 매수 여부 결정. 65000원대 이탈 시 매도 고려."
      }
    },
    "batch_id": "batch_1754551941",
    "processed_at": "2025-08-07T16:33:23.861113"
  }
]