{
  "종목정보": {
    "종목명": "YG-1",
    "종목번호": "019210",
    "분석일시": "2025-08-07 11:17:10",
    "차트유형": "주봉"
  },
  "종합분석점수": {
    "점수": 75,
    "요약": "중기 상승 추세 유지, 박스권 상단 돌파 시도 후 조정 국면"
  },
  "이번주봉": {
    "종가": "5760",
    "등락률": "-0.17",
    "거래량": "75124",
    "주요특징": "상승 추세 이후 소폭 하락, 거래량 감소. 5700원 부근 지지 확인 후 재반등 시도"
  },
  "핵심기술적지표": {
    "이동평균선정배열": "예",
    "골든데드크로스": "아니오",
    "Stochastic상태": " %K: 35, %D: 40 (과매도 구간 아님)",
    "볼린저밴드": "밴드 폭 축소 후 확대되는 추세"
  },
  "세부분석": {
    "가격및거래량": {
      "거래량비교": "최근 4주 평균 거래량 대비 25% 수준으로 감소",
      "박스권분석": "5700원~6000원 박스권 상단 돌파 시도 후 소폭 조정. 박스권 지지 확인"
    },
    "이동평균선": {
      "현재가위치": "주가는 5주선(5750) 상회, 20주선(5800) 근접, 60주선(5900) 하회",
      "20주선역할": "중기적인 지지선 역할"
    },
    "모멘텀": {
      "Stochastic분석": "Stochastic %K와 %D 모두 낮은 수준이지만, 과매도권 진입은 아니며, 상승 모멘텀 약화",
      "볼린저밴드분석": "볼린저밴드 폭이 축소되었다가 다시 확대되는 양상은 변동성 확대 가능성을 시사"
    }
  },
  "중기투자아이디어": {
    "추세요약": "YG-1은 중장기적으로 상승 추세를 유지하고 있으나, 단기적으로는 박스권 상단 돌파 후 조정 국면에 진입한 것으로 보임. 5700원 부근 지지선을 확인 후 재반등 여부가 관건.",
    "매매시그널": "5700원 부근 지지선 지지 확인 시 추가 매수 고려. 6000원 돌파 시 추가 상승 가능성 높음. 20주선 이탈 시 매도 고려"
  }
}