{
  "종목정보": {
    "종목명": "와이지원",
    "종목번호": "019210",
    "분석일시": "2025-08-12 14:16:09",
    "차트유형": "일봉"
  },
  "오늘의일봉": {
    "종가": "5,700원",
    "등락률": "-0.70%",
    "거래량": "40,638주",
    "주요특징": "전일 대비 소폭 하락. 거래량은 최근 평균 수준이나, 최근 상승세 이후 매물 출회 가능성을 시사하는 약세 신호로 해석될 수 있음.  시장의 관망세가 지속되는 모습."
  },
  "핵심기술적지표": {
    "이동평균선정배열": "아니오. 주가는 5일선(5700원 상회), 20일선(5750원 하회), 60일선(5750원 하회) 아래에 위치하며 역배열을 형성하고 있습니다. 단기적으로는 상승 압력이 있으나, 중장기적으로는 하락 추세가 지속될 가능성이 높음.",
    "골든데드크로스": "아니오. 최근 골든크로스 또는 데드크로스는 발생하지 않았습니다.  하지만 5일선과 20일선이 교차할 가능성이 높아 단기 추세 변화를 예의주시해야 함.",
    "MACD상태": "-10 vs -20. MACD 선은 시그널 선 아래에 위치하며, 음수 영역에 머물고 있습니다.  MACD 히스토그램 역시 음수 영역에 있어 약한 하락 모멘텀이 지속되고 있음을 나타냅니다.",
    "RSI상태": "45.  RSI는 50을 중심으로 중립적인 수준을 유지하고 있으며, 과매수 또는 과매도 영역에 진입하지 않았습니다. 따라서 현재 추세 반전 신호는 나타나지 않음.",
    "볼린저밴드": "밴드 폭은 최근 약간 축소되는 추세이나, 아직 넓은 편입니다.  주가는 하단 밴드 부근에 위치하며, 변동성이 축소될 가능성을 시사하지만 현재는 하락추세가 지속되고 있음."
  },
  "세부분석": {
    "가격및거래량": {
      "거래량비교": "최근 5일 평균 거래량 44,542주 대비 91.2% 수준으로 평균 수준을 유지하고 있으나, 최근 고점 대비 거래량이 감소하고 있는 점은 주목할 필요가 있음.",
      "주요가격대": "6,000원대 초반 돌파 실패 후 지속적인 조정 국면. 6000원 부근은 강력한 매물대 저항으로 작용하고 있으며, 5700원 부근에서 지지선을 확인할 필요가 있음."
    },
    "이동평균선": {
      "현재가위치": "주가는 5일선(약 5700원) 위, 20일선(약 5750원)과 60일선(약 5750원) 아래에 위치하고 있습니다. 단기 상승 압력은 있으나, 중장기적으로는 하락 추세를 유지하고 있음.",
      "밀집도": "5일선, 20일선, 60일선은 서로 근접해 있으며,  이는 향후 변동성 확대 가능성을 시사합니다."
    },
    "모멘텀": {
      "MACD분석": "MACD 선이 시그널 선 아래에 위치하며,  음수 영역에 머물고 있습니다. 이는 약한 하락 모멘텀을 지속적으로 나타내고 있음을 의미하며, MACD 오실레이터의 변화를 통해 추세의 방향성을 파악해야 합니다.",
      "RSI분석": "RSI는 45 수준으로 중립적인 구간에 있습니다. 과매수/과매도 영역에 진입하지 않았으며, 현재로서는 가격과 지표 간의 다이버전스는 관찰되지 않음."
    }
  },
  "단기투자아이디어": {
    "추세요약": "최근 상승 추세 이후 조정 국면 진입.  거래량 감소와 함께 관망세가 강화되고 있으며, 단기적인 반등 가능성은 있으나 중장기적인 추세는 불확실함.",
    "매매시그널": "5,700원 지지 여부가 중요하며, 이탈 시 추가 하락 가능성 고려. 6,000원대 돌파 시 매수 신호로 작용할 수 있지만, 거래량 증가 없이는 매수 신호로 해석하기 어려움."
  }
}