{
  "종목정보": {
    "종목명": "금강공업",
    "종목번호": "014280",
    "분석일시": "2025-08-06 18:59:19",
    "차트유형": "주봉"
  },
  "종합분석점수": {
    "점수": 65,
    "요약": "중기적으로는 약세지만, 저가 매수 기회를 노려볼 만한 상황"
  },
  "이번주봉": {
    "종가": "4430",
    "등락률": "0.00",
    "거래량": "79672",
    "주요특징": "지난주 4375원에서 4430원으로 거래량 감소세를 보이며 보합세 마감. 4300원대 지지선 확인 후 소폭 상승.  중장기 이동평균선 아래에 위치하며 약세 흐름을 이어가고 있음."
  },
  "핵심기술적지표": {
    "이동평균선정배열": "아니오",
    "골든데드크로스": "아니오",
    "Stochastic상태": " %K: 25, %D: 30 (과매도 구간 진입하지 않음)",
    "볼린저밴드": "밴드 폭 축소"
  },
  "세부분석": {
    "가격및거래량": {
      "거래량비교": "최근 4주 평균 거래량 대비 20% 수준으로 매우 저조함.",
      "박스권분석": "4300원대 부근에서 지지선을 확인했으나, 4800원대 저항선 돌파에 실패하며 4300~4800원 박스권 하단부에 머물고 있음."
    },
    "이동평균선": {
      "현재가위치": "현재 주가(4430원)는 5주선(4500원 추정), 20주선(4700원 추정), 60주선(5000원 추정) 모두 아래에 위치함.",
      "20주선역할": "20주선은 현재 저항선 역할을 하고 있으며, 20주선을 상향 돌파하지 못하는 한 약세 흐름은 지속될 것으로 예상됨."
    },
    "모멘텀": {
      "Stochastic분석": "Stochastic %K와 %D 모두 낮은 수준에 있으나, 과매도권 진입은 아님. 모멘텀은 약함.",
      "볼린저밴드분석": "볼린저밴드 폭이 축소되고 있는 것은 변동성 축소 및 추세 전환 가능성을 시사하지만, 현재는 약세 흐름에 놓여 있음."
    }
  },
  "중기투자아이디어": {
    "추세요약": "금강공업은 단기적으로는 약세 흐름을 보이고 있으나, 4300원대 지지선이 유지될 경우 중장기적으로 반등 가능성을 기대해 볼 수 있음.",
    "매매시그널": "4300원대 지지선이 무너지지 않고 유지되면서 거래량이 증가하는 모습이 확인될 경우 저가 매수를 고려해 볼 수 있음.  20주선을 상향 돌파하는 모습이 확인되어야 매수 신호로 판단 가능. 그 이전에는 관망하는 것이 좋음."
  }
}