{
  "종목정보": {
    "종목명": "와이지-원",
    "종목번호": "019210",
    "분석일시": "2025-08-06 18:56:40",
    "차트유형": "주봉"
  },
  "종합분석점수": {
    "점수": 75,
    "요약": "중기 상승 추세 유지 가능성 높으나, 거래량 감소 및 박스권 상단 저항 확인 필요"
  },
  "이번주봉": {
    "종가": "5770",
    "등락률": "1.76",
    "거래량": "50812",
    "주요특징": "지난주 5670원 종가에서 100원 상승하며 5770원으로 마감. 거래량은 급감. 5700원 부근 저항선을 돌파하는 모습을 보였으나, 추가 상승 동력은 부족해 보임. 5700~5800원 박스권 상단 저항에 직면."
  },
  "핵심기술적지표": {
    "이동평균선정배열": "예",
    "골든데드크로스": "아니오",
    "Stochastic상태": "%K: 70, %D: 60",
    "볼린저밴드": "밴드 폭 축소"
  },
  "세부분석": {
    "가격및거래량": {
      "거래량비교": "최근 4주 평균 거래량 대비 20% 미만 수준으로 거래량이 크게 감소함. (정확한 4주 평균 거래량 데이터 부족)",
      "박스권분석": "5600~5800원 박스권 내 등락 지속. 이번 주 5700원 저항 돌파 시도는 있었으나, 거래량 부족으로 지속 여부 불확실.  박스권 상단 돌파 여부가 중요한 중기 전망의 분수령"
    },
    "이동평균선": {
      "현재가위치": "현재 주가(5770원)는 5주선(5750원 추정), 20주선(5700원 추정) 위에, 60주선(5600원 추정) 위에 위치.  (추정치 사용, 정확한 이동평균선 값은 제공된 데이터로 정확하게 계산 불가)",
      "20주선역할": "20주선은 중기적 지지선으로 작용. 20주선을 하향 돌파할 경우 중기 하락 추세 전환 가능성 증가"
    },
    "모멘텀": {
      "Stochastic분석": "Stochastic %K(70)가 %D(60)를 상회, 모멘텀은 다소 강하지만 과매수 구간 진입 임박. 매수세 약화 가능성 존재",
      "볼린저밴드분석": "볼린저밴드 폭이 축소되는 것은 변동성 감소 및 추세 전환 가능성 시사. 상단 돌파 실패시 하락 가능성 증가"
    }
  },
  "중기투자아이디어": {
    "추세요약": "와이지-원은 중기적으로 상승 추세를 유지할 가능성이 있으나, 거래량 감소와 박스권 상단 저항에 대한 확인이 필요하다.",
    "매매시그널": "5800원 박스권 상단 돌파 및 거래량 증가 확인 시 추가 상승 가능성을 열어두고 매수 고려. 그러나 돌파 실패 및 20주선 이탈 시 매도 고려.  5700원 이하 지지선 무너질 경우 추가 하락 가능성을 고려하여 손절매 계획 수립 필요."
  }
}