{
  "종목정보": {
    "종목명": "유진기업",
    "종목번호": "023410",
    "분석일시": "2025-08-06 18:57:10",
    "차트유형": "주봉"
  },
  "종합분석점수": {
    "점수": 75,
    "요약": "중기 상승 추세 유지 가능성 높으나, 박스권 상단 돌파 여부가 관건"
  },
  "이번주봉": {
    "종가": "3540",
    "등락률": "0.43%",
    "거래량": "135140",
    "주요특징": "약보합세를 기록하며 3500원대 중반에서 등락. 거래량은 매우 저조하며, 뚜렷한 지지/저항선 돌파는 없었음."
  },
  "핵심기술적지표": {
    "이동평균선정배열": "아니오",
    "골든데드크로스": "아니오",
    "Stochastic상태": "%K: 30, %D: 35 (과매도 구간 진입 아직 아님)",
    "볼린저밴드": "밴드 폭이 다소 좁아지는 추세"
  },
  "세부분석": {
    "가격및거래량": {
      "거래량비교": "최근 4주 평균 거래량 대비 약 10% 수준으로 매우 저조함.",
      "박스권분석": "최근 4주간 3400원에서 3600원 사이의 박스권을 형성했으나, 상단을 돌파하지 못하고 약보합세를 유지 중"
    },
    "이동평균선": {
      "현재가위치": "현재가(3540원)는 5주선(3500원) 위, 20주선(3550원) 아래, 60주선(3700원) 아래에 위치함.",
      "20주선역할": "20주선은 단기적인 저항선 역할을 하고 있음."
    },
    "모멘텀": {
      "Stochastic분석": "Stochastic %K와 %D는 모두 30%대 초반으로, 현재 모멘텀은 약한 편이며, 과매도 상태는 아님.",
      "볼린저밴드분석": "볼린저밴드 폭이 좁아지고 있는 것은 향후 변동성 확대 가능성을 시사함."
    }
  },
  "중기투자아이디어": {
    "추세요약": "유진기업은 중기적으로 상승 추세를 유지할 가능성이 있으나,  단기적으로는 박스권 상단 돌파 여부가 중요하며 거래량 부족은 우려 요소임.",
    "매매시그널": "3600원(박스권 상단) 돌파 및 거래량 증가 확인 시 매수 시그널로 판단. 3400원(박스권 하단) 이탈 시 매도 또는 손절 고려."
  }
}