{
  "종목정보": {
    "종목명": "덴티움",
    "종목번호": "145720",
    "분석일시": "2025-08-06 18:58:04",
    "차트유형": "주봉"
  },
  "종합분석점수": {
    "점수": 65,
    "요약": "중기적으로는 약세 흐름, 저점 확인 후 반등 가능성 존재"
  },
  "이번주봉": {
    "종가": "63900",
    "등락률": "0.00",
    "거래량": "48277",
    "주요특징": "지난주와 동일한 종가 마감. 거래량 감소. 6만원대 중반부근에서 지지부진한 흐름 지속."
  },
  "핵심기술적지표": {
    "이동평균선정배열": "아니오",
    "골든데드크로스": "아니오",
    "Stochastic상태": " %K: 35, %D: 40 (과매도권 진입 아님)",
    "볼린저밴드": "밴드 폭 축소"
  },
  "세부분석": {
    "가격및거래량": {
      "거래량비교": "최근 4주 평균 거래량(약 20만주) 대비 24% 수준으로 매우 저조",
      "박스권분석": "6만원대 중반에서 7만원대 초반 사이의 박스권에서 벗어나지 못하고 있음.  최근 하락 추세를 보임."
    },
    "이동평균선": {
      "현재가위치": "현재가(63900원)는 5주선(65000원) 아래, 20주선(67000원) 아래, 60주선(70000원) 아래에 위치.",
      "20주선역할": "20주선은 현재 저항선으로 작용하고 있으며, 상승 전환 시 지지선으로 전환될 가능성 존재"
    },
    "모멘텀": {
      "Stochastic분석": "Stochastic %K와 %D 모두 낮은 수준이나 과매도권은 아님. 모멘텀은 약함.",
      "볼린저밴드분석": "볼린저밴드 폭이 축소되고 있는 것은 변동성 축소를 의미하며, 향후 주가의 큰 움직임이 예상되지는 않음."
    }
  },
  "중기투자아이디어": {
    "추세요약": "덴티움은 현재 중기적으로 약세 흐름을 보이고 있으며, 6만원대 중반부근의 지지선이 중요한 지지선 역할을 할 것으로 예상됨.",
    "매매시그널": "6만원대 중반까지 하락 후 지지선을 확인하고 반등 시도 여부를 관찰. 20주선을 상향 돌파하는 강력한 매수 신호가 나올 때 매수 고려. 6만원대 중반 이탈 시 추가 하락 가능성 고려하여 손절매 설정 필요."
  }
}