{
  "종목정보": {
    "종목명": "삼성전자",
    "종목번호": "005930",
    "분석일시": "2025-08-06 18:58:19",
    "차트유형": "주봉"
  },
  "종합분석점수": {
    "점수": 75,
    "요약": "중기 상승 추세 유지 중이나, 박스권 상단 저항에 직면, 거래량 감소는 우려 요소"
  },
  "이번주봉": {
    "종가": "68800",
    "등락률": "0.00",
    "거래량": "26935318",
    "주요특징": "지난주 70,400원까지 상승 후 68,800원으로 소폭 하락 마감. 70,000원 부근의 저항을 확인. 거래량은 전주 대비 크게 감소."
  },
  "핵심기술적지표": {
    "이동평균선정배열": "예",
    "골든데드크로스": "아니오",
    "Stochastic상태": " %K: 75, %D: 70 (과매수 지역 진입 직전)",
    "볼린저밴드": "밴드 폭 축소 후 소폭 확대되는 추세"
  },
  "세부분석": {
    "가격및거래량": {
      "거래량비교": "최근 4주 평균 거래량 90,000,000주 대비 26,935,318주로 약 30% 수준. 거래량 감소는 주가 상승 모멘텀 약화 가능성을 시사.",
      "박스권분석": "최근 4주간 65,900원에서 70,400원 사이 박스권 형성. 이번 주 봉은 박스권 상단에서 등락하며 상승 모멘텀 약화를 보임."
    },
    "이동평균선": {
      "현재가위치": "현재 주가(68,800원)는 5주선(69,500원) 아래, 20주선(68,000원) 위, 60주선(66,000원) 위에 위치.",
      "20주선역할": "20주선은 단기적인 지지선 역할을 하고 있음."
    },
    "모멘텀": {
      "Stochastic분석": "Stochastic %K선과 %D선은 75와 70으로 과매수 지역 진입 직전으로, 단기적인 상승 모멘텀은 다소 약화될 가능성이 있음.",
      "볼린저밴드분석": "볼린저밴드 폭이 축소 후 소폭 확대되는 추세는 단기 변동성 확대 가능성을 시사함."
    }
  },
  "중기투자아이디어": {
    "추세요약": "삼성전자는 중기적으로 상승 추세를 유지하고 있으나, 70,000원 부근의 강력한 저항에 직면해 있으며, 거래량 감소는 상승 동력 약화의 우려를 낳음.",
    "매매시그널": "현재 주가는 70,000원 부근의 저항을 넘어서지 못하고 있으므로, 70,000원 돌파 여부를 확인 후 매수를 고려하는 전략이 필요. 20주선 이하로 하락할 경우 매도 또는 손절매를 고려해야 함."
  }
}