{
  "종목정보": {
    "종목명": "와이지원",
    "종목번호": "019210",
    "분석일시": "2025-08-11 15:43:39",
    "차트유형": "일봉"
  },
  "종합분석점수": {
    "점수": 62,
    "요약": "단기 조정 후 약세 지속, 거래량 감소로 관망세 강화"
  },
  "오늘의일봉": {
    "종가": "5,740원",
    "등락률": "-0.87%",
    "거래량": "30,538주",
    "주요특징": "전일 대비 소폭 하락 마감. 거래량이 최근 평균 대비 현저히 낮아 관망세가 짙음.  상승 모멘텀 약화"
  },
  "핵심기술적지표": {
    "이동평균선정배열": "아니오. 주가는 5일선, 20일선, 60일선 모두 아래에 위치하며 역배열 상태입니다. 단기 및 중장기 추세 모두 약세를 시사합니다.",
    "골든데드크로스": "아니오. 최근 골든크로스 또는 데드크로스는 발생하지 않았습니다. 이평선들의 움직임을 통해 추세 전환 가능성을 예측해야 합니다.",
    "MACD상태": "MACD는 -10, 시그널은 -15 입니다. MACD 선이 시그널 선 아래에 위치하며, 둘 다 음수 영역에 있습니다. 이는 약한 하락 모멘텀을 나타냅니다.  히스토그램 또한 음수 영역에 위치합니다.",
    "RSI상태": "RSI는 39.42입니다. 과매도(30 이하) 구간에는 진입하지 않았지만, 중립 구간에 가까워지고 있으며,  상승 모멘텀이 약화되고 있음을 나타냅니다. 다이버전스는 관찰되지 않습니다.",
    "볼린저밴드": "밴드 폭이 다소 좁아지는 추세입니다.  이는 변동성 축소 후 곧 변동성 확대가 발생할 가능성을 시사하지만, 현재 추세는 약세이므로 주의가 필요합니다.  주가는 하단 밴드 근처에 위치합니다."
  },
  "세부분석": {
    "가격및거래량": {
      "거래량비교": "최근 5일 평균 거래량 44,542주 대비 68.5% 감소한 수준입니다.  매우 낮은 거래량은 시장의 관망세가 강함을 의미합니다.",
      "주요가격대": "6,000원대 초반을 돌파하지 못하고 5,700원대로 하락 전환된 후 횡보하는 모습입니다. 6,000원대는 강한 매물대 저항으로 작용할 가능성이 큽니다."
    },
    "이동평균선": {
      "현재가위치": "현재 주가(5,740원)는 5일선(5,820원), 20일선(5,930원), 60일선(5,930원) 모두 아래에 위치합니다.",
      "밀집도": "5일선, 20일선, 60일선이 밀집되어 있습니다. 이는 향후 변동성 확대의 신호일 수 있습니다. 하지만 약세장 지속 가능성도 높습니다."
    },
    "모멘텀": {
      "MACD분석": "MACD 선(-10)이 시그널 선(-15) 아래에 위치하여 약한 하락 모멘텀이 지속되고 있음을 나타냅니다. MACD 히스토그램 역시 음수 영역에 위치하며, 하락 모멘텀을 지지합니다.",
      "RSI분석": "RSI(39.42)는 과매도 구간에는 진입하지 않았으나, 상승 모멘텀이 약화됨을 시사합니다. 다이버전스는 관찰되지 않습니다."
    }
  },
  "단기투자아이디어": {
    "추세요약": "최근 상승 추세 이후 조정 국면 진입. 거래량 감소로 관망세가 강해지고 있으며, 단기적으로는 약세 가능성이 높습니다.",
    "매매시그널": "5,700원 지지 여부가 중요하며, 이탈 시 추가 하락 가능성이 높습니다. 5,700원 이하의 추가 하락을 경계해야 합니다. 반면, 6,000원대 돌파 시 강한 매수 신호로 해석할 수 있으나, 거래량 증가를 동반해야 의미가 있습니다."
  }
}