Date,Open,High,Low,Close,Volume,MA4,MA5,MA10,MA20,MA40,MA60,BB_Middle,BB_Upper,BB_Lower,Volume_MA20,MACD,MACD_Signal,MACD_Histogram,Stoch_K,Stoch_D,RSI,Plus_DI,Minus_DI,ADX
2024-09-30,1997.0,2045.0,1928.0,1939.0,8177001.0,2083.5,2075.8,2253.4,1900.05,1660.025,1614.3166666666666,1900.05,2745.021871222891,1055.0781287771088,62886462.8,170.14634332421747,185.7428858270905,-15.596542502873035,42.55548373195433,47.34611793435324,60.8294930875576,25.75295463210065,21.902401829965687,31.331817194101415
2024-10-07,1941.0,1978.0,1820.0,1852.0,9855821.0,1982.75,2037.2,2189.1,1919.25,1667.6,1621.1833333333334,1919.25,2739.9893008745344,1098.5106991254656,63047420.8,141.2379755825632,176.84190377818504,-35.60392819562185,36.506018729342294,42.808621196787875,59.38650306748466,25.332833302081383,21.54509656853553,26.62324576552999
2024-10-14,1836.0,1932.0,1807.0,1818.0,7347682.0,1904.75,1949.8,2132.4,1935.05,1675.925,1625.2833333333333,1935.05,2733.841580747884,1136.2584192521156,63223341.0,114.26716922562537,164.32695686767312,-50.05978764204775,32.121954899318496,37.06115245353838,57.438872772482384,24.781232545149877,21.39266430832247,21.80181719410142
2024-10-22,1813.0,1828.0,1646.0,1650.0,9142268.0,1814.75,1853.8,2044.9,1944.45,1678.95,1624.1166666666666,1944.45,2723.9954748559835,1164.9045251440166,63565251.9,78.43229621975524,147.14802473808956,-68.71572851833432,21.777897404525703,30.135290344395496,50.394354503943546,20.570771882781074,22.007278299176402,16.170512372974837
2024-10-28,1661.0,1825.0,1650.0,1688.0,27351238.0,1752.0,1789.4,1965.2,1954.1,1683.975,1619.8833333333334,1954.1,2714.7689299903413,1193.4310700096582,64729603.45,52.494064705529354,128.21723273157752,-75.72316802604817,12.511718055198026,22.137190119680742,37.204414083026805,8.739348918505572,25.191173257592308,13.209428574527527
2024-11-04,1770.0,1957.0,1430.0,1530.0,100626442.0,1671.5,1707.6,1891.7,1957.6,1687.3,1617.3833333333334,1957.6,2709.2876170885283,1205.9123829114715,69644460.5,18.969876884349333,106.36776156213189,-87.39788467778256,5.307225198625917,13.19894688611655,22.286042504307872,11.273574909938548,11.315956770502227,10.828252520159806
2024-11-11,1519.0,1523.0,1336.0,1387.0,10402305.0,1563.75,1614.6,1825.9,1955.85,1686.25,1613.6333333333334,1955.85,2712.931452893815,1198.7685471061852,70082102.4,-18.919100774801336,81.31038909474525,-100.22948986954658,4.4245305807745545,7.414491278199499,21.871476888387818,9.934086629001882,12.570621468926554,9.451494103134603
2024-11-18,1391.0,1758.0,1379.0,1421.0,81981649.0,1506.5,1535.2,1742.5,1957.25,1686.725,1610.9833333333333,1957.25,2710.040423061194,1204.459576938806,74100969.7,-45.676344231118264,55.91304242957254,-101.5893866606908,5.290259616184072,5.007338465194848,16.90647482014387,16.03612399316573,3.2706858677080786,13.44212531137011
2024-11-25,1428.0,1468.0,1381.0,1381.0,7615013.0,1429.75,1481.4,1667.6,1953.35,1684.525,1609.35,1953.35,2717.7280478271337,1188.9719521728662,74390755.85,-69.31035156320559,30.86836363101692,-100.1787151942225,4.222984739385385,4.645924978781337,16.90647482014387,18.029637760702528,3.7321624588364433,18.13165889596284
2024-12-02,1394.0,1440.0,1283.0,1319.0,6567786.0,1377.0,1407.6,1598.5,1937.75,1682.25,1605.1333333333334,1937.75,2741.546747023982,1133.953252976018,71573888.85,-91.98303136397863,6.298084632017812,-98.28111599599643,4.050649363576386,4.521297906381947,18.67549668874173,19.346289752650176,4.004711425206124,22.727119698503575
2024-12-09,1276.0,1484.0,1241.0,1477.0,10630020.0,1399.5,1397.0,1552.3,1902.85,1684.3,1606.9166666666667,1902.85,2723.705336956851,1081.9946630431486,54191377.4,-96.09429865673246,-14.180392025732246,-81.91390663100022,7.827976265069846,5.3672034560105395,30.38674033149171,21.152685576342787,4.103802051901026,27.36177582783966
2024-12-16,1498.0,1561.0,1418.0,1418.0,6868849.0,1398.75,1403.2,1508.9,1849.0,1684.975,1607.3,1849.0,2647.2886959648636,1050.7113040351364,46498989.35,-102.9268380039698,-31.92968122137976,-70.99715678259005,12.301923226701533,8.060182951782588,17.733230531996924,14.538379908029714,11.071807569862045,27.284279298857523
2024-12-23,1418.0,1461.0,1360.0,1382.0,2775448.0,1399.0,1395.4,1465.3,1798.85,1683.95,1605.8,1798.85,2581.221637361291,1016.4783626387091,41416927.35,-109.97880657512223,-47.53950629212826,-62.439300282993976,16.429747737883392,12.186549076551591,19.039735099337747,14.92916818016709,6.647293861242281,29.448839183417412
2024-12-30,1360.0,1517.0,1360.0,1501.0,3166067.0,1444.5,1419.4,1450.4,1747.65,1686.5,1607.5166666666667,1747.65,2460.9068076676376,1034.3931923323628,34635994.9,-104.7576559505253,-58.983136223807676,-45.77451972671763,21.462897063085972,16.7315226758903,28.914664457332236,17.012750455373403,6.666666666666667,31.992575447153676
2025-01-06,1504.0,1535.0,1499.0,1517.0,4027603.0,1454.5,1459.0,1433.3,1699.25,1690.65,1608.3,1699.25,2328.226737918123,1070.273262081877,26800924.4,-98.19683815688904,-66.82587661042396,-31.370961546465082,28.29459541562838,22.06241340553258,31.684027777777786,17.53003003003003,12.087087087087088,32.72812496734198
2025-01-13,1514.0,1524.0,1447.0,1458.0,3160100.0,1464.5,1455.2,1426.1,1658.9,1693.975,1607.8833333333334,1658.9,2236.503360538424,1081.296639461576,24607263.6,-96.64409671564249,-72.78952063146767,-23.854576084174823,33.364896357892285,27.707462945535543,32.47330960854093,18.07975222609369,12.466124661246612,33.46367448753028
2025-01-20,1459.0,1585.0,1436.0,1436.0,9458128.0,1478.0,1458.8,1431.0,1628.45,1696.35,1607.9166666666667,1628.45,2184.145666425633,1072.7543335743674,22734470.55,-96.08118992588379,-77.44785449035089,-18.6333354355329,31.663672495824596,31.107721423115084,32.82374100719424,20.253164556962027,12.351361718450326,34.67057337611797
2025-01-31,1430.0,1473.0,1416.0,1430.0,884692.0,1460.25,1468.4,1431.9,1587.2,1697.95,1608.1833333333334,1587.2,2063.9378624293454,1110.4621375706547,17090583.2,-95.02385623104828,-80.96305483849036,-14.06080139255792,27.979515828677847,31.002694894131576,38.421052631578945,21.273166800966965,12.973408541498793,36.16067873000042
2025-02-03,1426.0,1516.0,1384.0,1430.0,5949568.0,1438.5,1454.2,1436.8,1552.2,1698.375,1607.7,1552.2,1958.7659006593694,1145.6340993406307,16930560.6,-93.11256793758957,-83.3929574583102,-9.719610479279368,26.675977653631293,28.77305532604458,35.85526315789474,23.411234112341123,13.038130381303814,34.73011750783878
2025-02-10,1429.0,1512.0,1415.0,1493.0,4304514.0,1447.25,1449.4,1454.2,1526.35,1700.75,1608.4666666666667,1526.35,1871.4554911183197,1181.24450888168,16014609.7,-85.52836693345444,-83.82003935333907,-1.7083275801153661,33.845347568157514,29.50028035015555,47.73561811505508,21.8516674962668,17.371826779492284,35.53252483185066
2025-02-17,1502.0,1582.0,1490.0,1530.0,5764349.0,1470.75,1463.8,1459.5,1505.9,1702.975,1608.65,1505.9,1791.366856772912,1220.4331432270883,15893977.1,-75.66007991387869,-82.188047465447,6.5279675515683095,43.67960479632893,34.73364333937258,60.056258790436004,23.020450970110122,22.23387519664394,34.819856378693395
2025-02-24,1519.0,1589.0,1419.0,1419.0,6051829.0,1468.0,1460.4,1459.6,1484.25,1701.75,1606.4833333333333,1484.25,1720.6598804596877,1247.8401195403123,15703777.5,-75.92099373143196,-80.934636718644,5.013642987212037,51.93053054388346,43.1518276361233,49.87309644670051,12.426383981154299,24.970553592461716,32.49303281950176
2025-03-04,1419.0,1454.0,1382.0,1385.0,1988636.0,1456.75,1451.4,1459.9,1462.6,1698.825,1604.8166666666666,1462.6,1642.9871859144146,1282.2128140855853,15435825.2,-77.97246759155018,-80.34220289322525,2.369735301675064,49.4760517871303,48.3620623757809,50.25575447570333,12.537136066547832,25.074272133095665,30.181137064983044
2025-03-10,1385.0,1452.0,1374.0,1405.0,1983296.0,1434.75,1446.4,1450.3,1450.35,1697.4,1602.75,1450.35,1609.1352240242688,1291.564775975731,15077876.6,-77.09573095669634,-79.69290850591946,2.597177549223119,46.551724137931046,49.31943548964827,55.810810810810814,13.154613466334164,26.309226932668327,27.869241310464343
2025-03-17,1408.0,1430.0,1380.0,1392.0,1909823.0,1400.25,1426.2,1437.8,1435.55,1694.825,1601.1666666666667,1435.55,1550.0805750950158,1321.0194249049841,13805805.85,-76.56728224327298,-79.06778325339016,2.5005010101171763,34.15984875102479,43.39587489202871,42.857142857142854,11.83557760453579,30.333097094259394,26.18085269336876
2025-03-24,1390.0,1435.0,1361.0,1364.0,2252074.0,1386.5,1393.0,1428.4,1427.25,1692.425,1600.6166666666666,1427.25,1536.9171999134574,1317.5828000865426,8887087.45,-77.51431208610916,-78.75708901993396,1.2427769338247998,20.94898693302549,33.88685327399377,45.21276595744681,12.816691505216097,18.70342771982116,26.54801064545677
2025-03-31,1345.0,1447.0,1309.0,1444.0,3713376.0,1401.25,1398.0,1429.2,1430.1,1692.975,1600.8666666666666,1430.1,1538.3159634104793,1321.8840365895205,8552641.0,-70.99116666854661,-77.20390454965649,6.212737881109874,21.311603243917663,25.473479642655985,55.098684210526315,13.343002175489485,18.201595358955764,24.906472107366508
2025-04-07,1458.0,1465.0,1348.0,1423.0,3684360.0,1405.75,1405.6,1428.5,1430.2,1693.725,1601.2166666666667,1430.2,1538.3842482941186,1322.0157517058815,4637776.55,-66.74663773263796,-75.11245118625278,8.36581345361482,30.22509877313372,24.161896316692292,42.35294117647059,9.559372666168782,21.657953696788653,24.5538773337191
2025-04-14,1430.0,1489.0,1392.0,1438.0,3244828.0,1417.25,1412.2,1429.3,1433.05,1693.2,1600.7,1433.05,1538.7516157821794,1327.3483842178205,4419267.3,-61.463925458263475,-72.38274604065492,10.918820582391447,45.00000000000001,32.17890067235046,42.23968565815324,9.142857142857142,13.928571428571429,24.72283024608277
2025-04-21,1436.0,1481.0,1426.0,1473.0,3033051.0,1444.5,1428.4,1427.3,1440.75,1689.25,1601.75,1440.75,1533.058122468721,1348.441877531279,4242530.55,-53.83258193323195,-68.67271321917033,14.840131285938384,48.45238095238096,41.22582657517156,51.54639175257732,9.288824383164005,16.618287373004353,25.43094619208094
2025-04-28,1482.0,1482.0,1398.0,1398.0,1565542.0,1433.0,1435.2,1414.1,1436.8,1669.825,1601.8,1436.8,1529.3375599419833,1344.2624400580166,3789306.65,-53.22303835170351,-65.58277824567698,12.359739893973469,45.47619047619048,46.30952380952382,46.46840148698884,5.178979436405178,17.44097486671744,27.57190762716002
2025-05-07,1398.0,1415.0,1385.0,1394.0,1081191.0,1425.75,1425.2,1411.6,1435.6,1642.3,1601.85,1435.6,1529.772070951979,1341.4279290480208,3499923.75,-52.45803368410452,-62.95782933336249,10.499795649257969,40.23809523809525,44.72222222222223,46.64179104477612,5.287713841368584,17.80715396578538,29.7128690622391
2025-05-12,1395.0,1546.0,1393.0,1447.0,11146474.0,1428.0,1430.0,1417.8,1438.85,1618.85,1602.25,1438.85,1529.659864987035,1348.0401350129648,3918475.05,-47.032938475198534,-59.772851161729704,12.73991268653117,37.14285714285715,40.95238095238096,51.44312393887946,11.935730680948737,17.521040550879878,29.034447371443957
2025-05-19,1460.0,1465.0,1369.0,1370.0,3959404.0,1402.25,1416.4,1414.3,1432.3,1589.975,1601.7666666666667,1432.3,1523.132639624029,1341.4673603759709,3958141.9,-48.388969995568914,-57.49607492849755,9.107104932928635,33.80952380952382,37.06349206349207,39.800995024875625,11.944869831546706,15.160796324655434,29.066096441637292
2025-05-26,1370.0,1400.0,1350.0,1395.0,2147620.0,1401.5,1400.8,1414.6,1426.2,1562.725,1602.5,1426.2,1509.1244424636718,1343.2755575363283,3864142.75,-46.90564460559608,-55.37798886391725,8.472344258321172,33.92857142857144,34.96031746031747,38.57868020304569,12.341772151898734,9.731012658227849,29.78679888177307
2025-06-02,1400.0,1475.0,1390.0,1467.0,2569003.0,1419.75,1414.6,1424.9,1426.65,1542.775,1604.8666666666666,1426.65,1510.3946620452236,1342.9053379547765,3834587.9,-39.465368079485415,-52.195464707030894,12.730096627545478,39.72222222222223,35.82010582010583,54.34782608695652,18.999151823579304,10.43256997455471,29.469893250020267
2025-06-09,1471.0,1540.0,1461.0,1500.0,4523900.0,1433.0,1435.8,1430.5,1429.85,1529.15,1607.5166666666667,1429.85,1519.762881812372,1339.937118187628,3587876.5,-30.553865182054096,-47.86714480203554,17.313279619981444,59.32388989351015,44.32489451476794,60.435571687840294,18.88701517706577,16.357504215851606,27.60158611855524
2025-06-16,1495.0,1555.0,1480.0,1536.0,3502495.0,1474.5,1453.6,1441.8,1435.15,1511.175,1610.35,1435.15,1536.8270428988164,1333.4729571011837,3718766.65,-20.35193139994044,-42.36410212161652,22.01217072167608,79.8446022434908,59.63023811974106,61.55202821869488,18.93491124260355,18.005071851225697,25.40043105698828
2025-06-23,1518.0,1629.0,1503.0,1511.0,4381646.0,1503.5,1481.8,1449.1,1439.2,1495.7,1611.9833333333333,1439.2,1546.3203946379242,1332.0796053620759,3640370.55,-14.121334489168248,-36.71554859512687,22.59421410595862,78.66404668793524,72.61084627497873,60.27633851468048,23.669579030976966,16.441620333598095,23.554306468539036
2025-06-30,1512.0,1577.0,1500.0,1501.0,2489371.0,1512.0,1503.0,1451.9,1439.6,1482.975,1613.7,1439.6,1547.6222199365304,1331.5777800634694,3549613.4,-9.876606601934782,-31.347760196488455,21.471153594553673,71.80047425474255,76.76970772872286,62.21033868092692,23.217115689381934,16.402535657686215,23.44886911629317
2025-07-07,1501.0,1526.0,1472.0,1515.0,2062456.0,1515.75,1512.6,1463.6,1438.85,1472.375,1614.9333333333334,1438.85,1544.4097112140569,1333.290288785943,3364518.75,-5.321602056644224,-26.14252856851961,20.820926511875385,60.851868327402144,70.43879642335997,57.17171717171718,23.853989813242787,17.572156196943975,23.4318430859828
2025-07-14,1516.0,1551.0,1490.0,1513.0,2162752.0,1510.0,1515.2,1475.5,1443.55,1463.9,1615.6833333333334,1443.55,1553.6609010331492,1333.4390989668507,3170064.9,-1.8517654236486578,-21.28437593954542,19.432610515896762,59.284514683435596,63.97895242186009,59.45378151260504,27.272727272727277,14.973262032085563,22.743124742367723
2025-07-21,1514.0,1517.0,1439.0,1440.0,2210796.0,1492.25,1496.0,1474.8,1446.3,1454.45,1614.65,1446.3,1552.9466867253263,1339.6533132746736,3181172.9,-4.935491532570495,-18.014599058150434,13.07910752557994,50.037202855478604,56.724528622105446,50.18726591760299,27.742520398912056,11.242067089755214,24.28473526662638
2025-07-28,1440.0,1465.0,1398.0,1398.0,1417749.0,1466.5,1473.4,1477.6,1445.95,1448.15,1613.5833333333333,1445.95,1553.2115593084466,1338.6884406915535,3152895.55,-10.645698694459952,-16.54081898541234,5.895120290952388,35.96176821983274,48.42782858624898,43.068391866913124,27.443946188340806,8.071748878923767,26.16003083940095
2025-08-04,1388.0,1530.0,1388.0,1491.0,2924386.0,1460.5,1471.4,1487.2,1450.9,1443.225,1613.5166666666667,1450.9,1556.8074074245267,1344.9925925754735,3203623.7,-7.579385801986291,-14.74853234872713,7.169146546740839,33.33333333333334,39.777434802881565,58.31842576028623,31.543052003410054,7.672634271099745,26.635803054303597
2025-08-11,1533.0,1596.0,1481.0,1508.0,5594346.0,1459.25,1470.0,1491.3,1458.1,1442.675,1614.3166666666666,1458.1,1558.5723580735437,1357.6276419264561,3370737.3,-3.7345037830741603,-12.545726635596536,8.811222852522375,41.45758661887695,36.917562724014346,59.96503496503497,29.411764705882348,14.546899841017488,25.179145720611903
2025-08-18,1504.0,1504.0,1400.0,1412.0,3906585.0,1452.25,1449.8,1482.5,1456.5,1443.3,1614.15,1456.5,1558.9181316185118,1354.0818683814882,3380397.75,-8.337693041384455,-11.70411991675412,3.3664268753696653,43.130227001194754,39.307048984468345,47.15447154471545,19.703215169002476,15.08656224237428,24.772653093401605
2025-08-25,1420.0,1430.0,1398.0,1404.0,1495381.0,1453.75,1442.6,1469.3,1455.55,1442.875,1614.3333333333333,1455.55,1559.6157181026817,1351.4842818973182,3270948.8,-12.487340545286997,-11.860764042460696,-0.6265765028263015,32.735961768219845,39.10792512943052,53.11355311355312,20.80069625761532,15.926892950391643,24.873062764861164
2025-09-01,1404.0,2010.0,1390.0,1857.0,147340267.0,1545.25,1534.4,1503.9,1476.5,1454.775,1620.9666666666667,1476.5,1683.4919906917723,1269.5080093082277,10475720.75,20.540569137357124,-5.380497406497132,25.921066543854256,38.99299673078328,38.286395166732625,73.71663244353184,47.64397905759162,10.645724258289704,28.561998257930323
2025-09-08,1859.0,1970.0,1830.0,1892.0,28122670.0,1641.25,1614.6,1543.0,1497.45,1469.1,1625.3166666666666,1497.45,1775.5514392741115,1219.3485607258885,11730201.7,48.97507878458691,5.490617831719677,43.48446095286724,58.59523562562668,43.441398041543266,72.67876200640342,41.9391206313416,35.11837655016911,27.11520335737037
