{
  "종목정보": {
    "종목명": "유진기업",
    "종목번호": "023410",
    "분석일시": "2025-08-07 11:15:39",
    "차트유형": "월봉"
  },
  "종합분석점수": {
    "점수": 65,
    "요약": "장기 상승 추세는 유지되나, 단기 조정 가능성 존재. 분할 매수 전략 고려."
  },
  "이번월봉": {
    "종가": "3525",
    "등락률": "-0.28%",
    "거래량": "519406",
    "주요특징": "8월 종가는 3525원으로 전월 대비 소폭 하락. 거래량은 평균 이하로 감소.  최근 고점 대비 소폭 하락 후 횡보하는 양상을 보임."
  },
  "핵심기술적지표": {
    "장기정배열": "예",
    "CCI상태": "-30",
    "ADX상태": "20",
    "주요이동평균선": "5개월선 상단/10개월선 상단/20개월선 상단"
  },
  "세부분석": {
    "가격및거래량": {
      "거래량비교": "평균 거래량 대비 10% 수준으로 매우 저조함.",
      "역사적고점저점": "역사적 고점은 약 8000원 부근, 저점은 3000원 부근으로 추정. 현재 가격은 장기 저점 부근에서 상승 후 조정 구간에 진입한 것으로 판단된다."
    },
    "이동평균선": {
      "현재가위치": "5개월선, 10개월선, 20개월선 모두 상단에 위치",
      "20개월선역할": "장기적인 상승 추세를 지지하는 지지선 역할"
    },
    "모멘텀": {
      "CCI분석": "CCI는 -30으로 과매도 구간에는 진입하지 않았으나, 0선을 하향 돌파하여 약세 신호를 보임. 단기 조정 가능성을 시사.",
      "ADX분석": "ADX는 20 이상으로 추세가 존재함을 나타내며, 현재 추세 강도는 약화되고 있으나 상승 추세는 유지 중."
    }
  },
  "장기투자아이디어": {
    "사이클요약": "유진기업 주가는 장기적으로 상승 추세를 보이고 있으나, 단기적인 조정 가능성이 존재한다.",
    "투자전략": "현재 가격대는 상대적으로 매력적인 분할 매수 구간으로 판단되므로,  추가적인 하락 시 분할 매수 전략을 고려하는 것이 바람직하다.  다만, 단기적인 조정 가능성을 감안하여 투자에 신중을 기해야 한다."
  }
}