{
  "종목정보": {
    "종목명": "덴티움",
    "종목번호": "145720",
    "분석일시": "2025-08-07 11:15:49",
    "차트유형": "월봉"
  },
  "종합분석점수": {
    "점수": 65,
    "요약": "장기 상승 추세 유지 중이나, 최근 조정으로 분할 매수 전략 고려"
  },
  "이번월봉": {
    "종가": "63600",
    "등락률": "-1.40",
    "거래량": "105897",
    "주요특징": "7월 고점 대비 하락세 지속, 거래량 감소. 6만원대 중반 지지 여부 중요"
  },
  "핵심기술적지표": {
    "장기정배열": "예",
    "CCI상태": "-60",
    "ADX상태": "20 이하",
    "주요이동평균선": "5개월선 위, 10개월선 위, 20개월선 위"
  },
  "세부분석": {
    "가격및거래량": {
      "거래량비교": "평균 거래량 대비 현저히 감소 (약 10% 수준)",
      "역사적고점저점": "역사적 고점은 약 85,500원, 저점은 3만원대 초반. 현재 가격은 과거 고점 대비 상당히 낮은 수준이며, 장기 저점 대비 상승 추세 유지 중"
    },
    "이동평균선": {
      "현재가위치": "모든 이동평균선(5, 10, 20개월선) 위에 위치",
      "20개월선역할": "강력한 지지선 역할"
    },
    "모멘텀": {
      "CCI분석": "CCI는 -60으로 과매도 구간 진입하지 않았으나, 0선을 하향 돌파하여 약세 모멘텀이 나타남. 단기적인 조정 가능성",
      "ADX분석": "ADX는 20 이하로 추세 강도가 약화되고 있으며, 현재는 횡보 또는 약세 방향으로 진행되는 것으로 판단됨"
    }
  },
  "장기투자아이디어": {
    "사이클요약": "덴티움은 장기적으로 상승 추세를 유지하고 있으나, 단기 조정 국면에 진입한 것으로 판단됨.",
    "투자전략": "현재 가격대는 장기적인 관점에서 분할 매수를 고려해볼 만한 매력적인 구간이나, 추가적인 하락 가능성을 고려하여 신중한 접근이 필요함. 20개월선 이탈 시 추가적인 하락 가능성을 고려해야 함."
  }
}