{
  "종목정보": {
    "종목명": "금강철강",
    "종목번호": "014280",
    "분석일시": "2025-08-07 11:16:11",
    "차트유형": "월봉"
  },
  "종합분석점수": {
    "점수": 65,
    "요약": "장기 하락 추세에서 벗어나려는 시도,  매수 시점 저울질 필요"
  },
  "이번월봉": {
    "종가": "4435",
    "등락률": "-3.17%",
    "거래량": "302594",
    "주요특징": "8월 종가는 4435원으로 전월 대비 소폭 하락. 거래량은 매우 감소.  주요 저항선 부근에서 등락을 반복 중."
  },
  "핵심기술적지표": {
    "장기정배열": "아니오",
    "CCI상태": "-80",
    "ADX상태": "20 이하",
    "주요이동평균선": "4435 < 5개월선(4500) < 10개월선(4700) < 20개월선(5000)"
  },
  "세부분석": {
    "가격및거래량": {
      "거래량비교": "평균 거래량 대비 매우 저조 (약 10% 수준)",
      "역사적고점저점": "역사적 고점은 14000원 부근, 저점은 3500원 부근으로 추정되며, 현재 가격은 장기 저점 부근에서 등락을 반복하고 있는 상황."
    },
    "이동평균선": {
      "현재가위치": "현재가는 5개월선, 10개월선, 20개월선 모두 아래에 위치.",
      "20개월선역할": "20개월선은 강력한 저항선으로 작용할 가능성이 있음."
    },
    "모멘텀": {
      "CCI분석": "CCI는 -80으로 과매도 구간에 진입하지 않았으나, 0선 아래에 위치하며 약세를 나타냄.",
      "ADX분석": "ADX는 20 이하로 추세가 약화되고 있으며, 현재는 횡보 또는 약세 방향으로 움직이는 모습을 보임."
    }
  },
  "장기투자아이디어": {
    "사이클요약": "금강철강은 장기 하락 추세를 보였으나, 최근 저점 부근에서 지지부진하며 횡보하는 모습.  추세 전환 가능성이 있으나, 아직 확신할 수 없음.",
    "투자전략": "현재 시점에서는 추가적인 하락 가능성을 고려하여 '관망'하는 것이 바람직하며,  20개월선 이하의 지지선이 확인되고 거래량이 증가하는 등 추가적인 상승 신호가 나타날 경우 '분할 매수'를 고려해볼 수 있다.  하지만 장기적인 관점에서 투자할 경우 위험 관리를 철저히 해야한다."
  }
}