{
  "종목정보": {
    "종목명": "삼성전자",
    "종목번호": "005930",
    "분석일시": "2025-08-07 11:16:00",
    "차트유형": "월봉"
  },
  "종합분석점수": {
    "점수": 65,
    "요약": "장기 상승 추세 유지 중이나 최근 조정 가능성 존재, 분할 매수 전략 고려"
  },
  "이번월봉": {
    "종가": "70350",
    "등락률": "-1.47",
    "거래량": "61357844",
    "주요특징": "7만원대 돌파 후 소폭 조정, 거래량 감소"
  },
  "핵심기술적지표": {
    "장기정배열": "예",
    "CCI상태": "50",
    "ADX상태": "200",
    "주요이동평균선": "5개월선 상회, 10개월선 상회, 20개월선 상회"
  },
  "세부분석": {
    "가격및거래량": {
      "거래량비교": "평균 거래량 대비 10% 수준으로 감소",
      "역사적고점저점": "역사적 고점 74,000원 부근, 저점 15,000원 부근. 현재 가격은 장기 상승 추세 내에 있으나 고점 부근에 위치"
    },
    "이동평균선": {
      "현재가위치": "모든 이동평균선 상단에 위치",
      "20개월선역할": "강력한 지지선으로 작용"
    },
    "모멘텀": {
      "CCI분석": "CCI 50 수준으로 과매수/과매도 구간에 진입하지 않았으며, 0선을 상향 돌파 후 상승세를 유지하고 있음",
      "ADX분석": "ADX 200 수준으로 매우 강한 상승 추세를 나타냄"
    }
  },
  "장기투자아이디어": {
    "사이클요약": "삼성전자는 장기적인 상승 추세를 유지하고 있으나, 최근 고점 부근에서 조정 가능성이 존재",
    "투자전략": "현재 가격이 고점 부근에 위치하고 있으므로, 과도한 매수보다는 분할 매수 전략을 통해 장기적인 관점으로 접근하는 것이 바람직하다."
  }
}