{
  "종목정보": {
    "종목명": "YG-1",
    "종목번호": "019210",
    "분석일시": "2025-08-07 11:15:28",
    "차트유형": "월봉"
  },
  "종합분석점수": {
    "점수": 65,
    "요약": "장기 상승 추세는 유지되나, 단기 조정 가능성 존재. 분할 매수 전략 추천"
  },
  "이번월봉": {
    "종가": "5670",
    "등락률": "-1.73%",
    "거래량": "170866",
    "주요특징": "8월 종가는 5,670원으로 전월 대비 소폭 하락. 거래량은 매우 감소. 6월 고점 이후 조정 국면 진입"
  },
  "핵심기술적지표": {
    "장기정배열": "예",
    "CCI상태": "-60",
    "ADX상태": "20 이하",
    "주요이동평균선": "5개월선 상단/10개월선 상단/20개월선 상단"
  },
  "세부분석": {
    "가격및거래량": {
      "거래량비교": "6개월 평균 거래량 대비 10% 미만.  거래량 감소는 매수세 약화를 시사",
      "역사적고점저점": "역사적 고점은 약 15,000원 부근, 저점은 4,000원대 초반. 현재 가격은 역사적 고점 대비 훨씬 낮은 수준이나, 장기 저점 대비 높은 위치에 있음."
    },
    "이동평균선": {
      "현재가위치": "현재 주가는 5개월선, 10개월선, 20개월선 모두 상단에 위치",
      "20개월선역할": "20개월선은 강력한 지지선으로 작용하며 상승 추세를 지지하고 있음"
    },
    "모멘텀": {
      "CCI분석": "CCI는 -60 수준으로 과매도 구간은 아니지만, 0선 아래로 하향. 단기적인 약세 모멘텀을 보여줌",
      "ADX분석": "ADX는 20 이하로 추세의 강도가 약화되고 있으며, 현재 횡보 내지 약세 추세로 판단됨"
    }
  },
  "장기투자아이디어": {
    "사이클요약": "YG-1은 장기적으로 상승 추세를 유지하고 있으나, 단기 조정 가능성을 배제할 수 없음. 현재 가격은 역사적 고점 대비 상당히 낮은 수준임.",
    "투자전략": "현재 주가는 20개월선 등 장기 이동평균선 위에 위치하며, 장기 상승 추세를 지지하고 있으므로, 장기 투자 관점에서는 분할 매수 전략을 고려할 만함. 하지만 단기적인 조정 가능성을 고려하여, 매수 시점을 신중히 결정하고,  리스크 관리를 위한 분할 매수를 권장하며, 추가적인 하락 가능성에 대비해야 함."
  }
}