[
  {
    "stock_name": "와이지-원",
    "stock_code": "019210",
    "chart_type": "월봉",
    "analysis_score": 75,
    "summary": "019210 종목 분석이 완료되었습니다.",
    "detailed_analysis": "019210 종목의 월봉 차트 분석이 성공적으로 완료되었습니다.",
    "timestamp": "2025-08-12T14:41:44.526454",
    "ai_analysis_file": "analysis_monthly_019210_20250812_144144.json",
    "ai_analysis_data": {
      "종목정보": {
        "종목명": "와이지-원",
        "종목번호": "019210",
        "분석일시": "2025-08-12 14:41:44",
        "차트유형": "월봉"
      },
      "이번월봉": {
        "종가": "5700",
        "등락률": "0.00%",
        "거래량": "302580",
        "주요특징": "8월 종가는 5700원으로 전월과 동일하며, 거래량은 급감했습니다.  최근 주가는 5500~5800원 사이에서 좁은 범위의 움직임을 보이고 있습니다."
      },
      "핵심기술적지표": {
        "장기정배열": "아니오. 현재 주가는 5개월선, 10개월선, 20개월선 모두 아래에 위치해 있으며 역배열 상태입니다. 장기적인 상승 추세는 붕괴된 것으로 보이며, 추가적인 하락 가능성이 존재합니다.",
        "CCI상태": "CCI는 현재 약 -20 수준으로, 과매도 구간 (-100 이하)에는 진입하지 않았습니다.  하지만 0선 아래에 위치하며 하락 추세를 지속하고 있음을 나타냅니다.  추세 전환을 예측하기엔 부족한 데이터입니다.",
        "ADX상태": "ADX는 20 이하로 낮은 수준을 유지하고 있어 추세의 강도가 약하다는 것을 의미합니다. 현재 추세는 하락 추세이지만, 그 강도가 약하기 때문에 횡보로 전환될 가능성도 배제할 수 없습니다.",
        "주요이동평균선": "5개월선, 10개월선, 20개월선 모두 현재 주가(5700원)보다 높은 위치에 있습니다. 특히 20개월선은 강력한 저항선 역할을 할 가능성이 높아 보입니다.  주가가 20개월선을 상향 돌파해야 장기적인 상승 추세 전환을 기대할 수 있을 것입니다."
      },
      "세부분석": {
        "가격및거래량": {
          "거래량비교": "지난 6개월간 평균 거래량을 산출할 수 없습니다. 제공된 데이터가 불충분합니다. 8월 거래량은 매우 저조한 수준입니다.",
          "역사적고점저점": "차트를 보면 과거 최고점은 약 15,000원 부근, 최저점은 5,000원 미만으로 추정됩니다. 현재 주가 5700원은 역사적 고점 대비 매우 낮은 수준이며, 장기 주가 사이클의 저점 부근에 위치할 가능성이 있습니다."
        },
        "이동평균선": {
          "현재가위치": "현재 주가는 5개월선, 10개월선, 20개월선 아래에 위치합니다.",
          "20개월선역할": "20개월선은 강력한 저항선으로 작용할 가능성이 높습니다.  주가가 20개월선을 상향 돌파할 경우 장기적인 상승 전환을 시사할 수 있습니다."
        },
        "모멘텀": {
          "CCI분석": "CCI는 -20 수준으로 과매도는 아니지만, 0선 아래에 위치하여 하락 모멘텀이 유지되고 있음을 보여줍니다.",
          "ADX분석": "ADX가 20 이하이므로 추세의 강도가 약하며, 현재 추세는 약한 하락 또는 횡보로 판단됩니다."
        }
      },
      "장기투자아이디어": {
        "사이클요약": "와이지-원의 주가는 장기적인 하락 추세를 보이고 있으며, 현재 저점 부근에 위치하고 있으나 강력한 상승 신호는 부족합니다.",
        "투자전략": "현재 시점에서는 추가적인 하락 가능성을 고려하여 '관망'하는 것이 바람직합니다. 20개월선을 상향 돌파하는 강력한 상승 신호가 나타날 경우 '분할 매수' 전략을 고려해 볼 수 있습니다.  하지만 투자 결정 전에 충분한 추가 분석과 리스크 관리가 필수적입니다."
      }
    },
    "batch_id": "batch_1754977289",
    "processed_at": "2025-08-12T14:41:44.526838"
  }
]