{
  "종목정보": {
    "종목명": "현대인프라코어",
    "종목번호": "042670",
    "분석일시": "2025-08-06 15:01:11",
    "차트유형": "일봉"
  },
  "종합분석점수": {
    "점수": 75,
    "요약": "단기 상승 추세 유지 중이나 모멘텀은 다소 약화, 추가 상승 여력 확인 필요"
  },
  "오늘의일봉": {
    "종가": "7500",
    "등락률": "1.5%",
    "거래량": "500000",
    "주요특징": "소폭 상승 마감. 거래량은 평균 수준. 특별한 가격대 돌파는 없음."
  },
  "핵심기술적지표": {
    "이동평균선정배열": "예",
    "골든데드크로스": "아니오",
    "MACD상태": "20 vs 15",
    "RSI상태": "60",
    "볼린저밴드": "밴드 폭 축소 후 확대되는 추세"
  },
  "세부분석": {
    "가격및거래량": {
      "거래량비교": "평균 거래량 대비 100% 수준",
      "주요가격대": "7000원 부근에서 지지선 역할을 하고 있으며, 8000원 부근이 저항선으로 예상됨."
    },
    "이동평균선": {
      "현재가위치": "5일선, 20일선, 60일선 모두 상회",
      "밀집도": "밀집"
    },
    "모멘텀": {
      "MACD분석": "MACD 선이 시그널 선을 상회하고 있으며, 양의 영역에 있지만 상승 폭은 감소하고 있음. 모멘텀은 다소 약화됨.",
      "RSI분석": "RSI 60으로 중립권에 위치. 과매수/과매도 구간 진입 X. 다이버전스는 관찰되지 않음."
    }
  },
  "단기투자아이디어": {
    "추세요약": "단기적으로는 상승 추세를 유지하고 있으나, 모멘텀이 다소 약화되어 추세 지속 여부를 확인해야 함.",
    "매매시그널": "7000원 지지선 이탈 시 매도 고려. 8000원 돌파 시 추가 상승 가능성 확인 후 매수 고려.  단, 거래량 증가를 동반해야 함."
  }
}