{
  "종목정보": {
    "종목명": "현대미포조선",
    "종목번호": "010620",
    "분석일시": "2025-08-06 15:00:47",
    "차트유형": "일봉"
  },
  "종합분석점수": {
    "점수": 75,
    "요약": "단기 상승세는 약화되었으나, 추가 상승 가능성 존재, 추세 관찰 필요"
  },
  "오늘의일봉": {
    "종가": "130000",
    "등락률": "1.5%",
    "거래량": "400000",
    "주요특징": "소폭 상승, 거래량 감소"
  },
  "핵심기술적지표": {
    "이동평균선정배열": "예",
    "골든데드크로스": "아니오",
    "MACD상태": "5000 vs 3000",
    "RSI상태": "60",
    "볼린저밴드": "밴드 폭 축소"
  },
  "세부분석": {
    "가격및거래량": {
      "거래량비교": "평균 대비 80%",
      "주요가격대": "120000원 부근에서 지지 확인, 135000원 부근 저항 확인"
    },
    "이동평균선": {
      "현재가위치": "5일선, 20일선, 60일선 모두 상회",
      "밀집도": "밀집"
    },
    "모멘텀": {
      "MACD분석": "MACD선이 시그널선 위에 있으나, 상승폭 둔화, 모멘텀 약화",
      "RSI분석": "RSI 60, 과매수/과매도 구간 아님, 다이버전스 없음"
    }
  },
  "단기투자아이디어": {
    "추세요약": "단기 상승세는 다소 둔화되었으나, 이동평균선 정배열 유지 및 지지선 확인으로 추가 상승 가능성 존재",
    "매매시그널": "135000원 돌파 시 매수 고려, 120000원 이하 하락 시 매도 고려"
  }
}