{
  "종목정보": {
    "종목명": "현대건설기계",
    "종목번호": "267270",
    "분석일시": "2025-08-06 15:00:02",
    "차트유형": "일봉"
  },
  "종합분석점수": {
    "점수": 75,
    "요약": "단기적으로는 상승세 유지,  매수 관망, 추가 지표 확인 필요"
  },
  "오늘의일봉": {
    "종가": "65000",
    "등락률": "1.54%",
    "거래량": "500000",
    "주요특징": "소폭 상승 마감, 거래량은 평균 수준"
  },
  "핵심기술적지표": {
    "이동평균선정배열": "예",
    "골든데드크로스": "아니오",
    "MACD상태": "2000 vs 1500",
    "RSI상태": "60",
    "볼린저밴드": "밴드 폭 확대"
  },
  "세부분석": {
    "가격및거래량": {
      "거래량비교": "평균 거래량 대비 120% 수준",
      "주요가격대": "60000원 부근에서 지지받는 모습"
    },
    "이동평균선": {
      "현재가위치": "5일선, 20일선, 60일선 모두 상회",
      "밀집도": "확산 상태"
    },
    "모멘텀": {
      "MACD분석": "MACD 선이 시그널 선 위에 있고, 양의 영역에 위치. 상승 모멘텀 유지",
      "RSI분석": "RSI 60으로 중립 영역. 과매수/과매도는 아님. 다이버전스는 없음"
    }
  },
  "단기투자아이디어": {
    "추세요약": "현대건설기계는 단기 상승 추세를 유지하고 있으나, 모멘텀은 다소 약화되는 모습",
    "매매시그널": "현재 가격에서 매수 관망. 60000원 지지선 이탈시 매도 고려, 70000원 돌파시 추가 매수 고려.  추세 확인을 위해 추가 지표 분석 필요"
  }
}