{
  "종목정보": {
    "종목명": "현대일렉트릭",
    "종목번호": "267260",
    "분석일시": "2025-08-06 15:01:22",
    "차트유형": "일봉"
  },
  "종합분석점수": {
    "점수": 75,
    "요약": "단기적으로는 약세지만, 저가 매수 기회 존재"
  },
  "오늘의일봉": {
    "종가": "280000",
    "등락률": "-2%",
    "거래량": "300000",
    "주요특징": "소폭 하락, 거래량 감소"
  },
  "핵심기술적지표": {
    "이동평균선정배열": "아니오",
    "골든데드크로스": "아니오",
    "MACD상태": "1000 vs 500",
    "RSI상태": "45",
    "볼린저밴드": "밴드 폭 축소"
  },
  "세부분석": {
    "가격및거래량": {
      "거래량비교": "평균 대비 80%",
      "주요가격대": "280000원 부근에서 지지선 확인 필요"
    },
    "이동평균선": {
      "현재가위치": "5일선, 20일선, 60일선 모두 아래",
      "밀집도": "확산 상태"
    },
    "모멘텀": {
      "MACD분석": "MACD 선이 시그널 선 아래로 내려가고 있으며 모멘텀 약화",
      "RSI분석": "RSI 45로 중립 구간, 과매도는 아님"
    }
  },
  "단기투자아이디어": {
    "추세요약": "단기적으로는 약세 추세를 보이고 있지만, 280000원 부근 지지 여부에 따라 반등 가능성 존재",
    "매매시그널": "280000원 부근에서 지지 확인 후 저가 매수 고려, 300000원 돌파 실패시 손절"
  }
}