{
  "종목정보": {
    "종목명": "현대에너지솔루션",
    "종목번호": "322000",
    "분석일시": "2025-08-06 15:00:59",
    "차트유형": "일봉"
  },
  "종합분석점수": {
    "점수": 70,
    "요약": "단기적인 상승세는 약화되었으나, 지지선을 유지하고 있어 추가적인 관찰 필요"
  },
  "오늘의일봉": {
    "종가": "22000",
    "등락률": "-2%",
    "거래량": "50000",
    "주요특징": "약간의 하락세를 보였으나, 거래량은 평균 수준 유지"
  },
  "핵심기술적지표": {
    "이동평균선정배열": "아니오",
    "골든데드크로스": "아니오",
    "MACD상태": "50 vs 60",
    "RSI상태": "45",
    "볼린저밴드": "밴드 폭 축소"
  },
  "세부분석": {
    "가격및거래량": {
      "거래량비교": "평균 대비 100% 수준",
      "주요가격대": "22000원 부근에서 지지선 확인"
    },
    "이동평균선": {
      "현재가위치": "5일선, 20일선 아래, 60일선 아래",
      "밀집도": "밀집 상태"
    },
    "모멘텀": {
      "MACD분석": "MACD선이 시그널선 아래에 위치, 모멘텀 약화",
      "RSI분석": "RSI 45, 과매수/과매도 구간 아님, 다이버전스 없음"
    }
  },
  "단기투자아이디어": {
    "추세요약": "단기적으로는 상승 모멘텀이 약화되었으나, 22000원 부근에서 지지선을 확인하며 추가적인 관찰이 필요한 상황입니다.",
    "매매시그널": "22000원 지지선이 무너지면 매도 신호, 22000원 지지선을 유지하고 5일선을 돌파할 경우 매수 신호"
  }
}