{
  "종목정보": {
    "종목명": "HDHMS",
    "종목번호": "443060",
    "분석일시": "2025-08-06 15:00:13",
    "차트유형": "일봉"
  },
  "종합분석점수": {
    "점수": 75,
    "요약": "단기 상승세는 둔화되었으나, 추세는 유지 중. 추가 상승 가능성 존재."
  },
  "오늘의일봉": {
    "종가": "140000",
    "등락률": "1.5%",
    "거래량": "100000",
    "주요특징": "약한 상승 마감. 거래량은 평균 수준"
  },
  "핵심기술적지표": {
    "이동평균선정배열": "예",
    "골든데드크로스": "아니오",
    "MACD상태": "5000 vs 3000",
    "RSI상태": "65",
    "볼린저밴드": "밴드 폭 축소 후 확대되는 추세"
  },
  "세부분석": {
    "가격및거래량": {
      "거래량비교": "평균 거래량 대비 100% 수준",
      "주요가격대": "135000원 부근에서 지지받는 모습. 상승 시 150000원 저항대 확인 필요."
    },
    "이동평균선": {
      "현재가위치": "5일선, 20일선, 60일선 모두 상회",
      "밀집도": "확산 상태"
    },
    "모멘텀": {
      "MACD분석": "MACD가 시그널 상회, 양호한 모멘텀 유지. 하지만 상승 폭은 둔화되는 추세.",
      "RSI분석": "RSI 65, 과매수 구간 아님. 다이버전스 없음."
    }
  },
  "단기투자아이디어": {
    "추세요약": "단기적으로 상승세는 다소 둔화되었지만, 중장기 상승 추세는 유효하며, 지지선을 기반으로 추가 상승 가능성이 있다.",
    "매매시그널": "135000원 부근 지지 확인 후 매수 시그널. 150000원 돌파 실패 시 단기적인 이익 실현 고려."
  }
}