{
  "종목정보": {
    "종목명": "HD현대중공업",
    "종목번호": "071970",
    "분석일시": "2025-08-06 15:00:24",
    "차트유형": "일봉"
  },
  "종합분석점수": {
    "점수": 85,
    "요약": "단기 상승 추세 유지, 매수 관망 후 상승 돌파 시 매수 고려"
  },
  "오늘의일봉": {
    "종가": "21000",
    "등락률": "1.00",
    "거래량": "200000",
    "주요특징": "소폭 상승 마감. 20일선 돌파 시도"
  },
  "핵심기술적지표": {
    "이동평균선정배열": "예",
    "골든데드크로스": "아니오",
    "MACD상태": "2000 vs 1500",
    "RSI상태": "65",
    "볼린저밴드": "밴드 폭 확대"
  },
  "세부분석": {
    "가격및거래량": {
      "거래량비교": "평균 거래량 대비 150% 증가",
      "주요가격대": "20000원 지지선 확인, 21000원 저항선 돌파 시도"
    },
    "이동평균선": {
      "현재가위치": "5일선, 20일선, 60일선 모두 상회",
      "밀집도": "확산 상태"
    },
    "모멘텀": {
      "MACD분석": "MACD가 시그널 라인 상회. 모멘텀 강세",
      "RSI분석": "RSI 65, 과매수는 아님. 다이버전스 없음"
    }
  },
  "단기투자아이디어": {
    "추세요약": "단기 상승 추세를 유지하며 긍정적인 모멘텀을 보이고 있습니다.",
    "매매시그널": "21000원 저항선 돌파 확인 후 매수 시그널 발생. 20000원 지지선 이탈 시 매도 고려"
  }
}